"id","subword"
0,"<PAD>"
1,"<UNK>"
2,"<BOS>"
3,"<EOS>"
4,"‚ñÅ"
5,"L"
6,"S"
7,"E"
8,"A"
9,"G"
10,"P"
11,"V"
12,"K"
13,"R"
14,"T"
15,"D"
16,"Q"
17,"I"
18,"F"
19,"N"
20,"Y"
21,"H"
22,"C"
23,"M"
24,"W"
25,"LL"
26,"SS"
27,"SL"
28,"EE"
29,"AL"
30,"VL"
31,"SP"
32,"GL"
33,"AA"
34,"EL"
35,"TL"
36,"EK"
37,"RL"
38,"SG"
39,"PP"
40,"DL"
41,"IL"
42,"QL"
43,"SV"
44,"KL"
45,"SA"
46,"PL"
47,"SR"
48,"PG"
49,"ST"
50,"FL"
51,"EA"
52,"ED"
53,"KK"
54,"GG"
55,"TV"
56,"EV"
57,"AV"
58,"RR"
59,"SQ"
60,"NL"
61,"SD"
62,"SK"
63,"EG"
64,"ER"
65,"PA"
66,"PV"
67,"TG"
68,"SI"
69,"AG"
70,"HL"
71,"SF"
72,"EQ"
73,"EN"
74,"KV"
75,"TA"
76,"YL"
77,"DG"
78,"PR"
79,"EI"
80,"KA"
81,"DV"
82,"ET"
83,"QQ"
84,"SN"
85,"KG"
86,"RG"
87,"RV"
88,"QV"
89,"IV"
90,"KD"
91,"QA"
92,"QG"
93,"CL"
94,"RA"
95,"PT"
96,"FV"
97,"ML"
98,"KT"
99,"PD"
100,"KR"
101,"NG"
102,"SH"
103,"SY"
104,"KI"
105,"FG"
106,"QR"
107,"NV"
108,"TT"
109,"DI"
110,"SC"
111,"PQ"
112,"SE"
113,"FI"
114,"TI"
115,"NI"
116,"DA"
117,"MA"
118,"CG"
119,"VV"
120,"DR"
121,"KN"
122,"PI"
123,"FA"
124,"KQ"
125,"YG"
126,"PE"
127,"SM"
128,"TR"
129,"FR"
130,"YV"
131,"TD"
132,"IG"
133,"HG"
134,"IA"
135,"NA"
136,"TQ"
137,"HV"
138,"KE"
139,"MV"
140,"TP"
141,"DD"
142,"FQ"
143,"WL"
144,"KP"
145,"NR"
146,"IR"
147,"TF"
148,"CV"
149,"MG"
150,"YR"
151,"HR"
152,"AR"
153,"II"
154,"QD"
155,"LLL"
156,"PF"
157,"PN"
158,"PY"
159,"SW"
160,"VG"
161,"KY"
162,"EF"
163,"IQ"
164,"EM"
165,"VA"
166,"EY"
167,"TN"
168,"FD"
169,"CR"
170,"EP"
171,"TY"
172,"KM"
173,"EH"
174,"KH"
175,"KF"
176,"CA"
177,"NQ"
178,"PH"
179,"TH"
180,"GA"
181,"FF"
182,"SSL"
183,"ID"
184,"SLL"
185,"GV"
186,"KC"
187,"TC"
188,"YA"
189,"ND"
190,"EC"
191,"MD"
192,"RD"
193,"QI"
194,"FY"
195,"PK"
196,"HA"
197,"GR"
198,"QN"
199,"VR"
200,"FT"
201,"IN"
202,"PC"
203,"FN"
204,"EEL"
205,"IH"
206,"IY"
207,"TK"
208,"MR"
209,"AQ"
210,"AD"
211,"IT"
212,"QK"
213,"FH"
214,"GD"
215,"YD"
216,"NN"
217,"QT"
218,"VD"
219,"PM"
220,"IF"
221,"NT"
222,"QH"
223,"CD"
224,"TE"
225,"TM"
226,"QE"
227,"QP"
228,"NY"
229,"IK"
230,"NP"
231,"IP"
232,"FC"
233,"RQ"
234,"IC"
235,"SAL"
236,"WV"
237,"DP"
238,"WG"
239,"YY"
240,"AT"
241,"EKL"
242,"FP"
243,"SEE"
244,"SVL"
245,"NH"
246,"WA"
247,"RK"
248,"NK"
249,"QY"
250,"QM"
251,"ELL"
252,"DT"
253,"NF"
254,"VT"
255,"WR"
256,"SGL"
257,"SSG"
258,"SAA"
259,"HH"
260,"DY"
261,"IM"
262,"AP"
263,"DF"
264,"GT"
265,"SPL"
266,"SEL"
267,"NM"
268,"RT"
269,"STL"
270,"LLG"
271,"VQ"
272,"DQ"
273,"YF"
274,"EAL"
275,"AI"
276,"EW"
277,"HQ"
278,"AK"
279,"NC"
280,"DK"
281,"SRL"
282,"HI"
283,"PSS"
284,"VI"
285,"CQ"
286,"YI"
287,"FM"
288,"LLA"
289,"PPG"
290,"FK"
291,"SED"
292,"YT"
293,"YQ"
294,"VK"
295,"DM"
296,"HP"
297,"SIL"
298,"SLG"
299,"RP"
300,"VP"
301,"SDL"
302,"RI"
303,"AAA"
304,"HT"
305,"MK"
306,"DN"
307,"PPL"
308,"RN"
309,"SFL"
310,"HC"
311,"SQL"
312,"HY"
313,"EDL"
314,"SKL"
315,"GQ"
316,"GP"
317,"CC"
318,"AF"
319,"MT"
320,"ESL"
321,"ERL"
322,"SEA"
323,"VF"
324,"DH"
325,"TW"
326,"LLR"
327,"GI"
328,"SSV"
329,"YN"
330,"SSA"
331,"GK"
332,"EVL"
333,"PW"
334,"YK"
335,"MQ"
336,"ALA"
337,"HF"
338,"PSP"
339,"DC"
340,"EAA"
341,"MN"
342,"SLA"
343,"SEK"
344,"CI"
345,"RH"
346,"VN"
347,"YH"
348,"SKK"
349,"QC"
350,"RF"
351,"SHL"
352,"VC"
353,"SLR"
354,"EGL"
355,"SEV"
356,"SEG"
357,"ETL"
358,"YC"
359,"EEA"
360,"GF"
361,"EQL"
362,"GN"
363,"MI"
364,"LLV"
365,"SNL"
366,"KW"
367,"QF"
368,"AN"
369,"RC"
370,"SPG"
371,"KEL"
372,"VH"
373,"LLQ"
374,"AH"
375,"ALG"
376,"ESS"
377,"WD"
378,"YP"
379,"AC"
380,"WT"
381,"YM"
382,"SPA"
383,"HD"
384,"PSL"
385,"SGG"
386,"HK"
387,"CT"
388,"RM"
389,"VLG"
390,"VY"
391,"WK"
392,"EIL"
393,"AM"
394,"RY"
395,"GLG"
396,"LLD"
397,"TSS"
398,"PAA"
399,"WN"
400,"CF"
401,"KEK"
402,"KEE"
403,"PLL"
404,"SLV"
405,"MM"
406,"ALR"
407,"HN"
408,"EEEE"
409,"GGG"
410,"WI"
411,"MF"
412,"SYL"
413,"SER"
414,"ENL"
415,"KKL"
416,"ERR"
417,"SET"
418,"AY"
419,"AAG"
420,"SEN"
421,"VM"
422,"CP"
423,"PPPP"
424,"WQ"
425,"SSR"
426,"CH"
427,"SAG"
428,"KAL"
429,"CN"
430,"QEL"
431,"PGL"
432,"FLL"
433,"PSG"
434,"EPL"
435,"PEE"
436,"TLL"
437,"SSD"
438,"HM"
439,"EPG"
440,"PPA"
441,"VLA"
442,"CK"
443,"VLV"
444,"QLL"
445,"RLR"
446,"PAG"
447,"EEG"
448,"PEL"
449,"PST"
450,"KLL"
451,"SEI"
452,"PGG"
453,"ALV"
454,"TSL"
455,"ESG"
456,"RRR"
457,"SEQ"
458,"SCL"
459,"TLA"
460,"SPV"
461,"SRG"
462,"SSSS"
463,"GLA"
464,"PGA"
465,"EEV"
466,"FW"
467,"VLR"
468,"PAL"
469,"TGEK"
470,"PSA"
471,"KDL"
472,"AAV"
473,"SLD"
474,"EGG"
475,"EED"
476,"ESV"
477,"MY"
478,"PSV"
479,"CY"
480,"ELA"
481,"EDG"
482,"SLQ"
483,"SAV"
484,"STA"
485,"STG"
486,"RLA"
487,"TLG"
488,"STV"
489,"PEG"
490,"SGA"
491,"GLV"
492,"PVL"
493,"EPP"
494,"SST"
495,"ILG"
496,"DW"
497,"ETV"
498,"QAL"
499,"SQG"
500,"TLV"
501,"RLG"
502,"ILA"
503,"TLR"
504,"EAV"
505,"TVL"
506,"KSL"
507,"EFL"
508,"SVV"
509,"WM"
510,"QQL"
511,"TSP"
512,"ESP"
513,"TAL"
514,"DLL"
515,"ILL"
516,"ESR"
517,"SVG"
518,"PLG"
519,"KVL"
520,"EAG"
521,"TEE"
522,"SDG"
523,"QW"
524,"SVA"
525,"ELR"
526,"ELV"
527,"SRR"
528,"PLA"
529,"GLR"
530,"AVA"
531,"TAA"
532,"EKA"
533,"EPV"
534,"PEV"
535,"SRA"
536,"FLG"
537,"PED"
538,"SKG"
539,"SGR"
540,"SML"
541,"WF"
542,"SSQ"
543,"SKA"
544,"MH"
545,"KRL"
546,"KTL"
547,"AVV"
548,"AAR"
549,"IW"
550,"NLL"
551,"AVG"
552,"PRG"
553,"TVV"
554,"TPL"
555,"QKL"
556,"DLG"
557,"ESQ"
558,"AGA"
559,"EER"
560,"SGV"
561,"SPR"
562,"CM"
563,"EKG"
564,"PPV"
565,"YW"
566,"EKV"
567,"NSS"
568,"TEL"
569,"PSQ"
570,"TGL"
571,"ESD"
572,"QLA"
573,"ESA"
574,"QLR"
575,"NW"
576,"RLV"
577,"ILR"
578,"KRR"
579,"ELG"
580,"KEA"
581,"EYL"
582,"PPR"
583,"KGL"
584,"QEE"
585,"TSA"
586,"EST"
587,"FSS"
588,"DLV"
589,"PGV"
590,"DLA"
591,"ILV"
592,"SQA"
593,"PSR"
594,"FSL"
595,"EHL"
596,"KKG"
597,"FLA"
598,"KLR"
599,"KEV"
600,"ALQ"
601,"QLQ"
602,"KSS"
603,"DSL"
604,"GGA"
605,"DLR"
606,"ETG"
607,"PEA"
608,"ESK"
609,"KLV"
610,"FLV"
611,"TSV"
612,"KKR"
613,"DSS"
614,"ESI"
615,"TVA"
616,"WY"
617,"PLV"
618,"QRL"
619,"RRG"
620,"EKR"
621,"KER"
622,"WH"
623,"PAV"
624,"EVV"
625,"QVL"
626,"ISL"
627,"KEI"
628,"QLV"
629,"KAA"
630,"KAF"
631,"QSL"
632,"KLG"
633,"ISS"
634,"EDV"
635,"KNL"
636,"SDV"
637,"TSG"
638,"KEG"
639,"TST"
640,"MP"
641,"KPL"
642,"ENG"
643,"EVA"
644,"SQV"
645,"KLA"
646,"PVG"
647,"TPG"
648,"SRV"
649,"NSL"
650,"VLD"
651,"ALD"
652,"PVV"
653,"EDD"
654,"KQL"
655,"KKA"
656,"MC"
657,"QQQQ"
658,"TTL"
659,"LLN"
660,"EML"
661,"SKV"
662,"EAR"
663,"QAA"
664,"FLR"
665,"TVG"
666,"RRA"
667,"EEI"
668,"SMA"
669,"TAV"
670,"SAR"
671,"KSF"
672,"PRL"
673,"EGA"
674,"TPA"
675,"PTL"
676,"EPA"
677,"ERG"
678,"PDL"
679,"QGL"
680,"TPP"
681,"SGD"
682,"EDA"
683,"HLL"
684,"TGA"
685,"KVV"
686,"PDG"
687,"SNG"
688,"EPR"
689,"PLR"
690,"HW"
691,"AGV"
692,"PSD"
693,"PQG"
694,"QTL"
695,"RGR"
696,"TEA"
697,"DLD"
698,"KEQ"
699,"ILD"
700,"ESF"
701,"HSL"
702,"ERA"
703,"ETA"
704,"TGEKPY"
705,"QSS"
706,"AAAA"
707,"KAV"
708,"YLL"
709,"PVA"
710,"ELD"
711,"SDA"
712,"PKG"
713,"VLQ"
714,"SPD"
715,"KKV"
716,"PGR"
717,"PEK"
718,"QLG"
719,"SWL"
720,"KDG"
721,"ELQ"
722,"GGR"
723,"KIL"
724,"KSK"
725,"HSS"
726,"NLA"
727,"PRR"
728,"NLG"
729,"LLI"
730,"SRD"
731,"HLR"
732,"SQR"
733,"QEA"
734,"PRA"
735,"FSV"
736,"CSS"
737,"ECL"
738,"TEK"
739,"GLD"
740,"TPV"
741,"TRL"
742,"CW"
743,"TDL"
744,"TGV"
745,"GGV"
746,"KED"
747,"LLLL"
748,"SVR"
749,"DVV"
750,"QPP"
751,"QDL"
752,"EGV"
753,"ENV"
754,"DSG"
755,"RAR"
756,"EGR"
757,"CLL"
758,"TTV"
759,"TEV"
760,"HLA"
761,"QPL"
762,"KPG"
763,"TED"
764,"SLF"
765,"KSP"
766,"PQL"
767,"PET"
768,"SKR"
769,"QEK"
770,"ERV"
771,"TAG"
772,"TLD"
773,"SSI"
774,"SFG"
775,"TQL"
776,"RGA"
777,"SKD"
778,"TIL"
779,"SNV"
780,"PKL"
781,"NLV"
782,"KTV"
783,"DGV"
784,"SIV"
785,"QVA"
786,"DVA"
787,"PTV"
788,"MAA"
789,"SAD"
790,"EVG"
791,"SDD"
792,"EQA"
793,"TGR"
794,"FGL"
795,"QVV"
796,"SLI"
797,"FSG"
798,"TKL"
799,"RVV"
800,"EQG"
801,"PAR"
802,"TGG"
803,"SLH"
804,"SIG"
805,"LLH"
806,"IVG"
807,"TFL"
808,"TSR"
809,"NPL"
810,"SVD"
811,"MW"
812,"PTG"
813,"AVR"
814,"NLR"
815,"YLA"
816,"KDV"
817,"EGD"
818,"TPT"
819,"PKK"
820,"KEN"
821,"DGR"
822,"SLLL"
823,"PEN"
824,"EKI"
825,"QPG"
826,"HLG"
827,"QSP"
828,"NIL"
829,"RRV"
830,"KVA"
831,"KAG"
832,"ALI"
833,"KPV"
834,"PSK"
835,"KET"
836,"PTA"
837,"YSL"
838,"VLI"
839,"EDI"
840,"PFL"
841,"DGA"
842,"EKD"
843,"EEM"
844,"PSI"
845,"WC"
846,"AGR"
847,"KAR"
848,"EQR"
849,"STR"
850,"EFV"
851,"KSV"
852,"GLI"
853,"SDI"
854,"LLF"
855,"ELI"
856,"YVA"
857,"SFV"
858,"ECG"
859,"TVR"
860,"QKK"
861,"YSS"
862,"RVG"
863,"YLG"
864,"TLQ"
865,"EVR"
866,"TTA"
867,"QQA"
868,"SQD"
869,"ALN"
870,"DLI"
871,"WW"
872,"KFL"
873,"SHG"
874,"SIA"
875,"EPT"
876,"PQA"
877,"IVV"
878,"RLQ"
879,"KST"
880,"KSR"
881,"KLD"
882,"MLL"
883,"SYG"
884,"PGD"
885,"ETR"
886,"SNA"
887,"RVA"
888,"FVG"
889,"EPD"
890,"KPP"
891,"RVR"
892,"PRV"
893,"EEN"
894,"SSN"
895,"KGR"
896,"FVL"
897,"TEG"
898,"GGGG"
899,"KDA"
900,"PKV"
901,"PSF"
902,"SLN"
903,"ERD"
904,"PIL"
905,"FLD"
906,"FST"
907,"TSD"
908,"SSH"
909,"YLR"
910,"KSG"
911,"EDR"
912,"FSA"
913,"ALH"
914,"KTI"
915,"DVG"
916,"PDA"
917,"KGA"
918,"PSN"
919,"FSP"
920,"KGG"
921,"RLD"
922,"FSR"
923,"TKK"
924,"PNL"
925,"ESN"
926,"TSQ"
927,"PEI"
928,"KSA"
929,"EQV"
930,"QQG"
931,"VLN"
932,"SVI"
933,"ESE"
934,"FIL"
935,"TSI"
936,"TSK"
937,"SGI"
938,"PER"
939,"PQV"
940,"KSI"
941,"LLY"
942,"HLV"
943,"IVA"
944,"GLQ"
945,"NST"
946,"LLC"
947,"ESC"
948,"FGG"
949,"SDR"
950,"PLD"
951,"QQV"
952,"SAI"
953,"KTG"
954,"KVR"
955,"EVD"
956,"FGV"
957,"PDV"
958,"MAL"
959,"TAR"
960,"QAR"
961,"NTL"
962,"QQR"
963,"EIR"
964,"FTL"
965,"RGV"
966,"CLA"
967,"DGD"
968,"NSV"
969,"KVI"
970,"FPG"
971,"EMA"
972,"FSQ"
973,"TRR"
974,"RLH"
975,"TVI"
976,"KAI"
977,"EVI"
978,"EAI"
979,"MSS"
980,"EMV"
981,"FFL"
982,"KLI"
983,"AVD"
984,"KVG"
985,"TNL"
986,"FAL"
987,"FEE"
988,"TET"
989,"ENA"
990,"EIV"
991,"CSL"
992,"MEE"
993,"KQR"
994,"PLH"
995,"EPE"
996,"SGN"
997,"QLD"
998,"EPI"
999,"SFA"
1000,"AAD"
1001,"QGA"
1002,"EPQ"
1003,"EIA"
1004,"DLQ"
1005,"SSC"
1006,"KKI"
1007,"ESH"
1008,"ILN"
1009,"KNG"
1010,"YLV"
1011,"KIR"
1012,"NGL"
1013,"KNI"
1014,"SCG"
1015,"TLI"
1016,"QAV"
1017,"SFR"
1018,"ILI"
1019,"VLY"
1020,"TGD"
1021,"TDA"
1022,"KDR"
1023,"HQR"
1024,"ESY"
1025,"KLQ"
1026,"PKA"
1027,"TVD"
1028,"EEQ"
1029,"STI"
1030,"PVR"
1031,"KHL"
1032,"KGD"
1033,"SPQ"
1034,"DVD"
1035,"FVA"
1036,"STD"
1037,"KRA"
1038,"HSG"
1039,"KRG"
1040,"CLG"
1041,"PKT"
1042,"SRI"
1043,"SIR"
1044,"TPR"
1045,"PSH"
1046,"ENI"
1047,"AAI"
1048,"DDD"
1049,"SSF"
1050,"EAQ"
1051,"PHL"
1052,"KGV"
1053,"ALY"
1054,"KKD"
1055,"PNG"
1056,"PAD"
1057,"TDV"
1058,"HRL"
1059,"SKI"
1060,"QGR"
1061,"HSP"
1062,"MEL"
1063,"FVV"
1064,"SGQ"
1065,"TSF"
1066,"KYL"
1067,"ERI"
1068,"MLA"
1069,"FLI"
1070,"KQQ"
1071,"TKA"
1072,"SLY"
1073,"EFI"
1074,"NVL"
1075,"CLR"
1076,"PPD"
1077,"KSQ"
1078,"SGY"
1079,"KDI"
1080,"EAD"
1081,"FGA"
1082,"PNV"
1083,"TTG"
1084,"NKL"
1085,"PEQ"
1086,"MEK"
1087,"FSD"
1088,"KQA"
1089,"SSY"
1090,"NEL"
1091,"PLI"
1092,"CLV"
1093,"NGG"
1094,"FSK"
1095,"NSP"
1096,"AGI"
1097,"NGV"
1098,"AVI"
1099,"KML"
1100,"TQA"
1101,"PSC"
1102,"EII"
1103,"ENR"
1104,"NLD"
1105,"KKKK"
1106,"QEV"
1107,"QGV"
1108,"QIL"
1109,"KRV"
1110,"NLI"
1111,"TQV"
1112,"TKD"
1113,"PQQ"
1114,"ALC"
1115,"TSN"
1116,"KNV"
1117,"KPA"
1118,"QRR"
1119,"KPR"
1120,"WLL"
1121,"SII"
1122,"SLC"
1123,"KTA"
1124,"TLN"
1125,"TEQ"
1126,"FEK"
1127,"QPV"
1128,"KIA"
1129,"FIG"
1130,"DIA"
1131,"QLI"
1132,"RLI"
1133,"GLY"
1134,"EFG"
1135,"THL"
1136,"EHG"
1137,"YDR"
1138,"AGD"
1139,"FPL"
1140,"TER"
1141,"KIV"
1142,"AAQ"
1143,"SFI"
1144,"PYL"
1145,"EHV"
1146,"KII"
1147,"EYV"
1148,"TDG"
1149,"TRA"
1150,"TQG"
1151,"MLG"
1152,"YVL"
1153,"NEE"
1154,"EGI"
1155,"VVV"
1156,"TKG"
1157,"SGF"
1158,"TAI"
1159,"HPL"
1160,"DVI"
1161,"CGKA"
1162,"TKV"
1163,"ILQ"
1164,"PSE"
1165,"PGI"
1166,"SYV"
1167,"TDI"
1168,"EWL"
1169,"NRL"
1170,"LLM"
1171,"KTR"
1172,"VLF"
1173,"PVD"
1174,"KSD"
1175,"YGA"
1176,"FLH"
1177,"NQL"
1178,"NAL"
1179,"FVR"
1180,"NGA"
1181,"GGD"
1182,"ECV"
1183,"KQV"
1184,"FRL"
1185,"QER"
1186,"TSY"
1187,"PKR"
1188,"TEI"
1189,"PKD"
1190,"QHL"
1191,"TPM"
1192,"SLM"
1193,"FTV"
1194,"TRV"
1195,"EFA"
1196,"SMG"
1197,"NKK"
1198,"IGV"
1199,"SPI"
1200,"FKK"
1201,"VVG"
1202,"FAV"
1203,"SQI"
1204,"QNL"
1205,"FPP"
1206,"QAG"
1207,"SSSP"
1208,"KPT"
1209,"ETI"
1210,"SSM"
1211,"KIG"
1212,"PVI"
1213,"TEN"
1214,"HVL"
1215,"SHR"
1216,"SMV"
1217,"TAD"
1218,"NVA"
1219,"HSA"
1220,"DIG"
1221,"MLV"
1222,"FEL"
1223,"YEE"
1224,"ETD"
1225,"PRD"
1226,"TYL"
1227,"NSA"
1228,"MLR"
1229,"PSY"
1230,"TPD"
1231,"NSG"
1232,"PKP"
1233,"GGI"
1234,"CSV"
1235,"FDL"
1236,"KRI"
1237,"QVG"
1238,"KAD"
1239,"TIV"
1240,"YSV"
1241,"MKK"
1242,"PTR"
1243,"SNR"
1244,"GLC"
1245,"QED"
1246,"NVG"
1247,"YGV"
1248,"QEQ"
1249,"NVV"
1250,"HRR"
1251,"NSI"
1252,"PQD"
1253,"ESM"
1254,"TRG"
1255,"SRSR"
1256,"CSG"
1257,"NDL"
1258,"FSF"
1259,"RVI"
1260,"FED"
1261,"NNL"
1262,"KPD"
1263,"IGA"
1264,"QSQ"
1265,"NGR"
1266,"KLY"
1267,"KLH"
1268,"SHV"
1269,"SPSP"
1270,"KPI"
1271,"TKT"
1272,"VLM"
1273,"DEL"
1274,"FQL"
1275,"HPG"
1276,"EIG"
1277,"TPE"
1278,"DEE"
1279,"TTR"
1280,"FSI"
1281,"VVA"
1282,"QVR"
1283,"MGL"
1284,"QRV"
1285,"IVR"
1286,"DVR"
1287,"QRA"
1288,"NFL"
1289,"KNR"
1290,"YRL"
1291,"EMG"
1292,"PYV"
1293,"YGL"
1294,"RRI"
1295,"HKR"
1296,"HGL"
1297,"YSP"
1298,"NEK"
1299,"NPG"
1300,"SCV"
1301,"PFG"
1302,"TGI"
1303,"NTV"
1304,"HTL"
1305,"IVI"
1306,"TIA"
1307,"MAV"
1308,"YTL"
1309,"HSR"
1310,"SNI"
1311,"PDR"
1312,"YIL"
1313,"FTA"
1314,"QPA"
1315,"CSP"
1316,"PFV"
1317,"HLD"
1318,"FRD"
1319,"TPQ"
1320,"KNA"
1321,"MSL"
1322,"FAR"
1323,"QKA"
1324,"QSV"
1325,"NEA"
1326,"FKG"
1327,"NSD"
1328,"EFQ"
1329,"HSV"
1330,"TTI"
1331,"CGG"
1332,"FNL"
1333,"TIG"
1334,"TQQ"
1335,"PNI"
1336,"FRR"
1337,"PQR"
1338,"ELM"
1339,"QSG"
1340,"RLY"
1341,"DAD"
1342,"TKR"
1343,"NED"
1344,"GLPG"
1345,"PCL"
1346,"EKM"
1347,"EEY"
1348,"FII"
1349,"NAA"
1350,"DID"
1351,"KSN"
1352,"DII"
1353,"KQG"
1354,"MVL"
1355,"DRD"
1356,"DAR"
1357,"QSA"
1358,"PIG"
1359,"HGA"
1360,"CVA"
1361,"VLH"
1362,"QTV"
1363,"QEG"
1364,"SID"
1365,"CSR"
1366,"YSG"
1367,"KDD"
1368,"NRR"
1369,"CGL"
1370,"EAM"
1371,"FAA"
1372,"YVG"
1373,"NGD"
1374,"FQA"
1375,"DAI"
1376,"IVD"
1377,"FPV"
1378,"KPQ"
1379,"SYR"
1380,"FKL"
1381,"END"
1382,"QSR"
1383,"QKV"
1384,"SSSL"
1385,"TFG"
1386,"NPV"
1387,"SMD"
1388,"ELLL"
1389,"HQL"
1390,"ALM"
1391,"QVI"
1392,"QEI"
1393,"PTD"
1394,"TCL"
1395,"ELY"
1396,"NPP"
1397,"CVL"
1398,"QGD"
1399,"IGR"
1400,"SWG"
1401,"CSA"
1402,"TNV"
1403,"MSP"
1404,"SSSG"
1405,"KVD"
1406,"PTI"
1407,"FIR"
1408,"TSE"
1409,"ILY"
1410,"KEM"
1411,"NPA"
1412,"FVD"
1413,"HER"
1414,"FPA"
1415,"RRD"
1416,"EHR"
1417,"PDI"
1418,"QFL"
1419,"TIR"
1420,"GGY"
1421,"KTD"
1422,"NSK"
1423,"SQH"
1424,"QDV"
1425,"MKL"
1426,"QDG"
1427,"NSR"
1428,"EDY"
1429,"KSH"
1430,"RLC"
1431,"CGR"
1432,"FGD"
1433,"TDD"
1434,"HGV"
1435,"RGD"
1436,"HAA"
1437,"QRI"
1438,"MVA"
1439,"NIA"
1440,"HGR"
1441,"TNG"
1442,"TKI"
1443,"HTG"
1444,"EFR"
1445,"PDD"
1446,"NSQ"
1447,"EEF"
1448,"TQD"
1449,"ALF"
1450,"HST"
1451,"MEA"
1452,"DLY"
1453,"QGG"
1454,"SVY"
1455,"EQI"
1456,"NII"
1457,"TLY"
1458,"QTA"
1459,"DIR"
1460,"EKY"
1461,"SCR"
1462,"EYG"
1463,"FRV"
1464,"YLD"
1465,"DGI"
1466,"FQV"
1467,"HTV"
1468,"EGY"
1469,"TTD"
1470,"PGY"
1471,"CPL"
1472,"TPI"
1473,"KQI"
1474,"AVY"
1475,"NIG"
1476,"SCA"
1477,"MVG"
1478,"MLD"
1479,"FGR"
1480,"SSSA"
1481,"NKV"
1482,"FRG"
1483,"LLLA"
1484,"ELC"
1485,"TFI"
1486,"HFL"
1487,"QNG"
1488,"KKY"
1489,"PIV"
1490,"NEV"
1491,"EQD"
1492,"HSQ"
1493,"PKI"
1494,"MSV"
1495,"YRD"
1496,"YLI"
1497,"FKD"
1498,"QKR"
1499,"MTL"
1500,"TVY"
1501,"NPD"
1502,"QRG"
1503,"EID"
1504,"HGG"
1505,"VLC"
1506,"SHA"
1507,"MAR"
1508,"FTG"
1509,"KGI"
1510,"KSY"
1511,"HEL"
1512,"MSA"
1513,"LLW"
1514,"FFI"
1515,"CSQ"
1516,"PSM"
1517,"YGR"
1518,"CAL"
1519,"NSF"
1520,"HSD"
1521,"SEY"
1522,"HVA"
1523,"SSST"
1524,"VGA"
1525,"TFV"
1526,"HIL"
1527,"KEY"
1528,"MDL"
1529,"FSN"
1530,"KCL"
1531,"QKI"
1532,"QST"
1533,"IAR"
1534,"SYA"
1535,"PPI"
1536,"QLY"
1537,"TGEKPYKC"
1538,"HAL"
1539,"NAV"
1540,"HKL"
1541,"SSW"
1542,"KMA"
1543,"TII"
1544,"TDR"
1545,"PAI"
1546,"FQG"
1547,"TFQ"
1548,"RAI"
1549,"NKI"
1550,"FAG"
1551,"TFR"
1552,"QAI"
1553,"TSH"
1554,"MAG"
1555,"TFA"
1556,"TQR"
1557,"YSR"
1558,"FEV"
1559,"NIR"
1560,"HSK"
1561,"FER"
1562,"KPY"
1563,"ELN"
1564,"CST"
1565,"VGV"
1566,"PPSP"
1567,"PFA"
1568,"EKN"
1569,"HVG"
1570,"CTL"
1571,"PFI"
1572,"RVD"
1573,"CGA"
1574,"SYI"
1575,"FHL"
1576,"EEED"
1577,"MET"
1578,"FQD"
1579,"HSI"
1580,"QET"
1581,"FEG"
1582,"SFD"
1583,"SLSS"
1584,"QAD"
1585,"EPF"
1586,"YSA"
1587,"FIA"
1588,"FFV"
1589,"QPQ"
1590,"PLPP"
1591,"PNA"
1592,"YST"
1593,"CDL"
1594,"FEA"
1595,"GLH"
1596,"NEI"
1597,"SLW"
1598,"NTT"
1599,"EYR"
1600,"CEE"
1601,"SEM"
1602,"SGSG"
1603,"CGV"
1604,"QVD"
1605,"QKG"
1606,"ELH"
1607,"QEN"
1608,"NTA"
1609,"NSN"
1610,"TRD"
1611,"NKT"
1612,"KYG"
1613,"FDR"
1614,"CPP"
1615,"QSK"
1616,"FPD"
1617,"NRI"
1618,"PMG"
1619,"QSI"
1620,"CLD"
1621,"QQI"
1622,"PHG"
1623,"TLH"
1624,"WEE"
1625,"SSLL"
1626,"TMA"
1627,"SGH"
1628,"NHL"
1629,"ECA"
1630,"FKV"
1631,"FTI"
1632,"RAD"
1633,"CSD"
1634,"SWV"
1635,"MPP"
1636,"MER"
1637,"YSD"
1638,"NVI"
1639,"RGI"
1640,"NGI"
1641,"FPR"
1642,"HVR"
1643,"PLY"
1644,"MED"
1645,"EPN"
1646,"PAPA"
1647,"SMR"
1648,"CKL"
1649,"CFL"
1650,"SVH"
1651,"SWA"
1652,"FDV"
1653,"CVV"
1654,"FFG"
1655,"YVD"
1656,"SEEL"
1657,"LLGL"
1658,"FYL"
1659,"CPG"
1660,"FQQ"
1661,"PFR"
1662,"FIV"
1663,"PIR"
1664,"YQL"
1665,"FYG"
1666,"QPR"
1667,"III"
1668,"TEY"
1669,"TML"
1670,"NYL"
1671,"MEG"
1672,"KSC"
1673,"TKN"
1674,"SASS"
1675,"WDL"
1676,"EPY"
1677,"QKT"
1678,"NNI"
1679,"TLM"
1680,"CAA"
1681,"IRD"
1682,"WSL"
1683,"CSK"
1684,"FAD"
1685,"FGI"
1686,"ILH"
1687,"QDA"
1688,"FSH"
1689,"TEF"
1690,"NAR"
1691,"HLI"
1692,"LLSL"
1693,"TKQ"
1694,"FIY"
1695,"VVR"
1696,"FCL"
1697,"CRL"
1698,"FLY"
1699,"PRI"
1700,"WRR"
1701,"FEI"
1702,"MGA"
1703,"QTG"
1704,"MEV"
1705,"FKA"
1706,"FID"
1707,"FSC"
1708,"FSY"
1709,"FRA"
1710,"YAA"
1711,"TSC"
1712,"KEH"
1713,"EEEL"
1714,"KSE"
1715,"FTR"
1716,"WSP"
1717,"CAR"
1718,"SDY"
1719,"KRD"
1720,"TEP"
1721,"NKA"
1722,"NIV"
1723,"PII"
1724,"SAM"
1725,"WLG"
1726,"FTD"
1727,"IGD"
1728,"PAPP"
1729,"PKN"
1730,"FTT"
1731,"TGY"
1732,"NAI"
1733,"QLH"
1734,"EEEK"
1735,"RRRR"
1736,"MPL"
1737,"CPV"
1738,"STY"
1739,"NKD"
1740,"HPP"
1741,"MAD"
1742,"QGI"
1743,"NRV"
1744,"TGEKPYEC"
1745,"NLY"
1746,"NPT"
1747,"SGSS"
1748,"ENY"
1749,"LLAL"
1750,"ECR"
1751,"KFG"
1752,"QML"
1753,"LLLG"
1754,"QRD"
1755,"FDG"
1756,"KMV"
1757,"MVV"
1758,"TNI"
1759,"KSM"
1760,"PFQ"
1761,"CVG"
1762,"KQD"
1763,"HGD"
1764,"HLH"
1765,"FSE"
1766,"CEL"
1767,"SPSS"
1768,"NPR"
1769,"CEV"
1770,"CSI"
1771,"TVH"
1772,"SPPP"
1773,"PGPG"
1774,"MRR"
1775,"KPE"
1776,"MGV"
1777,"MST"
1778,"MRL"
1779,"FVI"
1780,"SWR"
1781,"AAY"
1782,"PIA"
1783,"WKK"
1784,"SND"
1785,"NKN"
1786,"NET"
1787,"SPY"
1788,"NTI"
1789,"SRY"
1790,"HPD"
1791,"EVY"
1792,"YVR"
1793,"NVR"
1794,"PML"
1795,"WVL"
1796,"TQI"
1797,"QDI"
1798,"WLR"
1799,"HVD"
1800,"MPG"
1801,"QKQ"
1802,"NAG"
1803,"CRR"
1804,"HPV"
1805,"KHR"
1806,"PCG"
1807,"TCG"
1808,"QSD"
1809,"TKP"
1810,"CEK"
1811,"PQI"
1812,"MSQ"
1813,"DLH"
1814,"IAD"
1815,"YGG"
1816,"CPA"
1817,"NKR"
1818,"FAI"
1819,"NQV"
1820,"CGKAF"
1821,"FQR"
1822,"TNA"
1823,"TCV"
1824,"QQQ"
1825,"SVC"
1826,"TYG"
1827,"HEE"
1828,"MVR"
1829,"SGC"
1830,"QSF"
1831,"MEQ"
1832,"RLW"
1833,"EFD"
1834,"NVD"
1835,"HKK"
1836,"HVI"
1837,"DRI"
1838,"FET"
1839,"KDY"
1840,"SYD"
1841,"VGR"
1842,"TFD"
1843,"SKM"
1844,"SHI"
1845,"PNR"
1846,"NTG"
1847,"NPI"
1848,"FEN"
1849,"PMA"
1850,"KYI"
1851,"NRG"
1852,"TRI"
1853,"NQG"
1854,"YEG"
1855,"ARD"
1856,"HTA"
1857,"FKT"
1858,"NKG"
1859,"NDI"
1860,"ALAA"
1861,"FTQ"
1862,"ESLL"
1863,"FNI"
1864,"EKEK"
1865,"KFV"
1866,"IGI"
1867,"WLA"
1868,"TSM"
1869,"AVC"
1870,"ELEE"
1871,"HRA"
1872,"EALL"
1873,"IAI"
1874,"MSG"
1875,"KVY"
1876,"CVR"
1877,"SLEE"
1878,"HPA"
1879,"ERER"
1880,"MGR"
1881,"HRG"
1882,"PKF"
1883,"WGL"
1884,"IID"
1885,"TYV"
1886,"FKR"
1887,"EELL"
1888,"EMD"
1889,"QTT"
1890,"YPG"
1891,"PKQ"
1892,"HVV"
1893,"EGC"
1894,"NEN"
1895,"PYG"
1896,"KFA"
1897,"MSR"
1898,"SSSV"
1899,"KFI"
1900,"FPT"
1901,"KYA"
1902,"QKD"
1903,"KYV"
1904,"FKN"
1905,"RVH"
1906,"SSSR"
1907,"PVY"
1908,"TKE"
1909,"MQL"
1910,"AGY"
1911,"NPN"
1912,"PKE"
1913,"KID"
1914,"SLSL"
1915,"FLC"
1916,"MAYDR"
1917,"ALW"
1918,"FFR"
1919,"EKPY"
1920,"ELEK"
1921,"NNV"
1922,"FPQ"
1923,"YNL"
1924,"WLV"
1925,"ESW"
1926,"AAC"
1927,"NAD"
1928,"SSSD"
1929,"NID"
1930,"NTD"
1931,"FDA"
1932,"SSLG"
1933,"FNV"
1934,"PLQ"
1935,"MKT"
1936,"SAY"
1937,"NRD"
1938,"PEH"
1939,"SLSP"
1940,"GLW"
1941,"RGY"
1942,"YVAIC"
1943,"FTN"
1944,"SGM"
1945,"ERY"
1946,"QLC"
1947,"HPR"
1948,"DLM"
1949,"HRD"
1950,"SAQ"
1951,"SKY"
1952,"CTV"
1953,"EEW"
1954,"SEH"
1955,"SPH"
1956,"LLLV"
1957,"SCI"
1958,"TEH"
1959,"QIV"
1960,"ALAL"
1961,"CGD"
1962,"KYR"
1963,"NRA"
1964,"EEEA"
1965,"FDI"
1966,"HSF"
1967,"NEQ"
1968,"CEA"
1969,"SVQ"
1970,"TAM"
1971,"FDD"
1972,"YRR"
1973,"CPR"
1974,"PGSP"
1975,"HRDL"
1976,"QQD"
1977,"HED"
1978,"TMV"
1979,"WTL"
1980,"CKK"
1981,"FRI"
1982,"CED"
1983,"HEV"
1984,"CDG"
1985,"SHD"
1986,"SPM"
1987,"NEG"
1988,"SIY"
1989,"PYR"
1990,"FLQ"
1991,"SALL"
1992,"PHV"
1993,"WEK"
1994,"DVY"
1995,"PWL"
1996,"SSPG"
1997,"MGG"
1998,"FEQ"
1999,"QNV"
2000,"HEK"
2001,"SGGG"
2002,"TID"
2003,"PLLL"
2004,"HHL"
2005,"SLLG"
2006,"CLI"
2007,"PSW"
2008,"FKI"
2009,"EYI"
2010,"NQA"
2011,"MGD"
2012,"CRD"
2013,"FFA"
2014,"KLW"
2015,"PLM"
2016,"YDL"
2017,"KCV"
2018,"PPPA"
2019,"YEV"
2020,"CQL"
2021,"YVI"
2022,"SEKL"
2023,"AAM"
2024,"KFD"
2025,"YAL"
2026,"SKH"
2027,"MSD"
2028,"VVD"
2029,"STSS"
2030,"YGI"
2031,"QPT"
2032,"VVI"
2033,"PPPL"
2034,"KHV"
2035,"CAV"
2036,"MGI"
2037,"YEK"
2038,"PASP"
2039,"YGD"
2040,"MKA"
2041,"YSF"
2042,"EYA"
2043,"TYR"
2044,"KFQ"
2045,"NPQ"
2046,"EDM"
2047,"MKG"
2048,"YFL"
2049,"AALL"
2050,"NSY"
2051,"FTF"
2052,"HNL"
2053,"QCL"
2054,"YYL"
2055,"CDV"
2056,"IRI"
2057,"QYL"
2058,"QPI"
2059,"PSSL"
2060,"SLLA"
2061,"MLI"
2062,"CAG"
2063,"GLGL"
2064,"TEM"
2065,"RLM"
2066,"HDL"
2067,"NNG"
2068,"YTV"
2069,"EHA"
2070,"NQQ"
2071,"HSH"
2072,"NFV"
2073,"YRG"
2074,"TCA"
2075,"SPC"
2076,"PMV"
2077,"HRV"
2078,"YKL"
2079,"SCD"
2080,"WAL"
2081,"PHA"
2082,"QIA"
2083,"KEAL"
2084,"MTV"
2085,"SSPA"
2086,"FPE"
2087,"PCA"
2088,"HAV"
2089,"KFR"
2090,"TYA"
2091,"CIL"
2092,"PYA"
2093,"LLSS"
2094,"FQI"
2095,"PHR"
2096,"SGSR"
2097,"THR"
2098,"TWL"
2099,"NNR"
2100,"SLPP"
2101,"EELR"
2102,"CRV"
2103,"YSQ"
2104,"PGPP"
2105,"YEL"
2106,"HKV"
2107,"LLSA"
2108,"PFD"
2109,"MEN"
2110,"EDEE"
2111,"FHG"
2112,"PGQ"
2113,"QTR"
2114,"QKN"
2115,"WNL"
2116,"TKH"
2117,"HYL"
2118,"AAAG"
2119,"MNL"
2120,"QQQQQQQQ"
2121,"QTI"
2122,"YPL"
2123,"HEA"
2124,"CRA"
2125,"TNR"
2126,"SPSA"
2127,"YVV"
2128,"PSLL"
2129,"YEA"
2130,"AAAV"
2131,"KHG"
2132,"FPN"
2133,"YPP"
2134,"NDG"
2135,"KMR"
2136,"WSS"
2137,"LLEE"
2138,"THG"
2139,"HEG"
2140,"CNL"
2141,"FTP"
2142,"YSI"
2143,"SSLA"
2144,"LLAA"
2145,"EYD"
2146,"CKA"
2147,"WRL"
2148,"ILM"
2149,"HAG"
2150,"VLAL"
2151,"LLSP"
2152,"NER"
2153,"WKL"
2154,"FML"
2155,"QTQ"
2156,"YKD"
2157,"HQRIH"
2158,"ARI"
2159,"VGD"
2160,"AAAL"
2161,"KMG"
2162,"THV"
2163,"EEEV"
2164,"CEG"
2165,"SLSA"
2166,"EEAL"
2167,"NKM"
2168,"YKK"
2169,"CKV"
2170,"TKY"
2171,"NQI"
2172,"ESEE"
2173,"YTA"
2174,"SVSS"
2175,"HKA"
2176,"YDG"
2177,"HRI"
2178,"ENM"
2179,"TLC"
2180,"ELER"
2181,"QDR"
2182,"EMR"
2183,"LLLR"
2184,"ESSL"
2185,"HSN"
2186,"WLD"
2187,"NFD"
2188,"YTG"
2189,"EDED"
2190,"NDV"
2191,"STM"
2192,"KND"
2193,"SDSD"
2194,"YFV"
2195,"TVSS"
2196,"VLW"
2197,"SESS"
2198,"YED"
2199,"SLGL"
2200,"NQR"
2201,"PKM"
2202,"PPSS"
2203,"THI"
2204,"TYD"
2205,"ALSS"
2206,"THA"
2207,"QII"
2208,"NSM"
2209,"SGSL"
2210,"VGI"
2211,"NQD"
2212,"AVM"
2213,"QLM"
2214,"CRG"
2215,"KKM"
2216,"SASA"
2217,"EEEG"
2218,"SQM"
2219,"QLQQ"
2220,"CDI"
2221,"QEP"
2222,"TEC"
2223,"FPF"
2224,"NSC"
2225,"CKD"
2226,"PCV"
2227,"YRV"
2228,"FYR"
2229,"FMA"
2230,"CCL"
2231,"GLM"
2232,"SRM"
2233,"SWD"
2234,"YSK"
2235,"CHL"
2236,"SVLL"
2237,"WSA"
2238,"AVH"
2239,"SIH"
2240,"PPH"
2241,"GVI"
2242,"WAA"
2243,"KELL"
2244,"FPI"
2245,"EEEEEEEE"
2246,"PGH"
2247,"CQQ"
2248,"GVR"
2249,"RRH"
2250,"QEF"
2251,"KIH"
2252,"RGRG"
2253,"FYV"
2254,"QTP"
2255,"KCG"
2256,"RLEE"
2257,"NPY"
2258,"KLLL"
2259,"PPPG"
2260,"ALEE"
2261,"MVI"
2262,"KDM"
2263,"SELL"
2264,"ALEK"
2265,"QIQ"
2266,"SQSS"
2267,"QLEE"
2268,"YRA"
2269,"KHA"
2270,"TKM"
2271,"SAAA"
2272,"YAV"
2273,"SVM"
2274,"QPD"
2275,"NTF"
2276,"FNA"
2277,"YAD"
2278,"MVD"
2279,"CQA"
2280,"YAI"
2281,"LLQL"
2282,"YPA"
2283,"AAH"
2284,"CAD"
2285,"FTC"
2286,"SSLR"
2287,"CSF"
2288,"QNA"
2289,"QNI"
2290,"TPMYF"
2291,"YRI"
2292,"SLST"
2293,"TCR"
2294,"SLLV"
2295,"LLTL"
2296,"PLSP"
2297,"FNG"
2298,"PRPP"
2299,"SSGG"
2300,"SLLR"
2301,"FHV"
2302,"LLKL"
2303,"MDV"
2304,"LLEK"
2305,"NKQ"
2306,"NSH"
2307,"ELW"
2308,"LLRL"
2309,"NCL"
2310,"MDA"
2311,"CEI"
2312,"NFG"
2313,"ALSL"
2314,"EHI"
2315,"HQQ"
2316,"PKY"
2317,"SSEE"
2318,"EKEE"
2319,"NYG"
2320,"PPGL"
2321,"LLEA"
2322,"SMI"
2323,"FYI"
2324,"VAD"
2325,"QCV"
2326,"HQV"
2327,"KLM"
2328,"WSR"
2329,"KMD"
2330,"TGER"
2331,"CPD"
2332,"HPT"
2333,"SPST"
2334,"PKC"
2335,"NYR"
2336,"QFV"
2337,"LLVL"
2338,"PQPP"
2339,"SSSQ"
2340,"FKQ"
2341,"NFA"
2342,"QDD"
2343,"LLEL"
2344,"MPV"
2345,"TSED"
2346,"NPE"
2347,"CPT"
2348,"YKG"
2349,"MPA"
2350,"PND"
2351,"MKV"
2352,"PPPPPP"
2353,"SEC"
2354,"YNV"
2355,"FCG"
2356,"FLLL"
2357,"FMV"
2358,"FMG"
2359,"PMD"
2360,"WIL"
2361,"SSED"
2362,"SWI"
2363,"PWG"
2364,"NML"
2365,"MAI"
2366,"EAEL"
2367,"WGG"
2368,"SPSL"
2369,"YHL"
2370,"PHI"
2371,"ERM"
2372,"WSK"
2373,"FSM"
2374,"SSPV"
2375,"HQA"
2376,"TVC"
2377,"VLAA"
2378,"CFV"
2379,"GGPG"
2380,"NPF"
2381,"NEC"
2382,"CTA"
2383,"CSH"
2384,"GLSL"
2385,"WKG"
2386,"PCR"
2387,"LLSG"
2388,"KAM"
2389,"QIG"
2390,"NLH"
2391,"QIR"
2392,"YSN"
2393,"NFI"
2394,"EEAA"
2395,"TVM"
2396,"MEI"
2397,"WEL"
2398,"HKD"
2399,"DRY"
2400,"LLPL"
2401,"SSGL"
2402,"CGKSF"
2403,"NSE"
2404,"HGI"
2405,"RRY"
2406,"NTR"
2407,"CGKT"
2408,"VAI"
2409,"QSN"
2410,"EEKL"
2411,"LLEQ"
2412,"LLAV"
2413,"FTY"
2414,"MDG"
2415,"CQV"
2416,"CQG"
2417,"QSH"
2418,"SSTA"
2419,"TTTT"
2420,"GAD"
2421,"HKG"
2422,"YWG"
2423,"QKE"
2424,"STST"
2425,"EELA"
2426,"SPAA"
2427,"SSVL"
2428,"NYV"
2429,"EAY"
2430,"PGM"
2431,"SSAA"
2432,"SALA"
2433,"YII"
2434,"YLH"
2435,"FKP"
2436,"EKKK"
2437,"SGSP"
2438,"PGGG"
2439,"CSC"
2440,"CVD"
2441,"PGPA"
2442,"QKP"
2443,"SRH"
2444,"WEG"
2445,"SLRR"
2446,"EKER"
2447,"SRSS"
2448,"KEKL"
2449,"EKH"
2450,"SFW"
2451,"YIV"
2452,"EAER"
2453,"GLSP"
2454,"KAFST"
2455,"EVM"
2456,"SSPL"
2457,"FEY"
2458,"SSAG"
2459,"TPY"
2460,"GLGG"
2461,"EMI"
2462,"MFL"
2463,"SDEE"
2464,"NKP"
2465,"CER"
2466,"NFR"
2467,"FFD"
2468,"EAEE"
2469,"MSK"
2470,"SASP"
2471,"TYI"
2472,"PLW"
2473,"HTD"
2474,"QHV"
2475,"SRSP"
2476,"ALRR"
2477,"HIR"
2478,"SESL"
2479,"PYI"
2480,"LLLD"
2481,"EEER"
2482,"WED"
2483,"HQG"
2484,"QELL"
2485,"SSTL"
2486,"VLSL"
2487,"MKR"
2488,"ESVL"
2489,"NDR"
2490,"KYD"
2491,"LLT"
2492,"QFG"
2493,"WVR"
2494,"QEY"
2495,"HPQ"
2496,"MIL"
2497,"FHD"
2498,"SPW"
2499,"KCI"
2500,"CVI"
2501,"SSLV"
2502,"TKF"
2503,"RVY"
2504,"SGST"
2505,"TND"
2506,"PKH"
2507,"QTF"
2508,"NNA"
2509,"FKE"
2510,"FND"
2511,"QKY"
2512,"SLAA"
2513,"QNR"
2514,"HCL"
2515,"SEAA"
2516,"LLPP"
2517,"QEH"
2518,"NYI"
2519,"HNG"
2520,"HLY"
2521,"TRY"
2522,"ALST"
2523,"SLRNK"
2524,"QMA"
2525,"AGH"
2526,"PAM"
2527,"KCR"
2528,"QKH"
2529,"FFQ"
2530,"FYA"
2531,"KWL"
2532,"MTA"
2533,"ELEA"
2534,"ALGL"
2535,"QPH"
2536,"SLED"
2537,"EAEA"
2538,"EEEI"
2539,"MRA"
2540,"NKF"
2541,"DLC"
2542,"NNQ"
2543,"ALPP"
2544,"ESEL"
2545,"WEQ"
2546,"DDDD"
2547,"KMI"
2548,"WQL"
2549,"WKT"
2550,"SYY"
2551,"SFY"
2552,"WRG"
2553,"SAPP"
2554,"WAG"
2555,"HTI"
2556,"QEM"
2557,"SQY"
2558,"FHR"
2559,"QTD"
2560,"EELG"
2561,"EWV"
2562,"MKD"
2563,"EEC"
2564,"PSPL"
2565,"WSD"
2566,"KLC"
2567,"WEV"
2568,"SLPG"
2569,"SLLD"
2570,"IQI"
2571,"CSN"
2572,"PEDL"
2573,"SAPA"
2574,"SLPL"
2575,"CGI"
2576,"NFN"
2577,"WTV"
2578,"FEF"
2579,"QSE"
2580,"ETY"
2581,"NTQ"
2582,"SPEE"
2583,"PEC"
2584,"RGH"
2585,"PTPP"
2586,"EWA"
2587,"SVTL"
2588,"TAY"
2589,"WAV"
2590,"PVPP"
2591,"WEA"
2592,"LLQQ"
2593,"MYL"
2594,"SPAL"
2595,"CQR"
2596,"KAY"
2597,"EKEL"
2598,"MNG"
2599,"NDA"
2600,"EFY"
2601,"HIA"
2602,"SDSS"
2603,"TCD"
2604,"CDR"
2605,"DGH"
2606,"WER"
2607,"STLA"
2608,"PRY"
2609,"KTY"
2610,"KCD"
2611,"TLLL"
2612,"QALL"
2613,"TLTV"
2614,"TPSS"
2615,"EGH"
2616,"FPY"
2617,"KSW"
2618,"SLSR"
2619,"SAAG"
2620,"NKE"
2621,"GAI"
2622,"QPN"
2623,"SSIL"
2624,"MTT"
2625,"TMD"
2626,"VLAV"
2627,"EAAA"
2628,"WVG"
2629,"WSF"
2630,"WTG"
2631,"QPF"
2632,"PID"
2633,"PSSG"
2634,"GVD"
2635,"ILC"
2636,"KLEE"
2637,"PEPL"
2638,"FHA"
2639,"SVSL"
2640,"TLSP"
2641,"MKI"
2642,"WKR"
2643,"THTGEKPYEC"
2644,"KKEK"
2645,"PGC"
2646,"LLDL"
2647,"NFQ"
2648,"CAI"
2649,"PPY"
2650,"TTY"
2651,"TSLL"
2652,"EDEL"
2653,"TMG"
2654,"SSAL"
2655,"QYR"
2656,"KRM"
2657,"SAPG"
2658,"SAH"
2659,"LLSV"
2660,"WFL"
2661,"QID"
2662,"NEF"
2663,"TCI"
2664,"QNQ"
2665,"SLPA"
2666,"SLAL"
2667,"KHI"
2668,"DGY"
2669,"FYD"
2670,"ESED"
2671,"SSSK"
2672,"AGAA"
2673,"QRM"
2674,"WSQ"
2675,"RLAA"
2676,"EWR"
2677,"EQY"
2678,"MDR"
2679,"KKH"
2680,"GGSG"
2681,"KGY"
2682,"QSY"
2683,"FKF"
2684,"YFI"
2685,"SRSL"
2686,"EAC"
2687,"WLI"
2688,"PTC"
2689,"FKC"
2690,"EEH"
2691,"FNR"
2692,"HAI"
2693,"PPGA"
2694,"SLGG"
2695,"HAD"
2696,"WKA"
2697,"TPSP"
2698,"QAQA"
2699,"GLAG"
2700,"SDSG"
2701,"KIY"
2702,"HTF"
2703,"PSAL"
2704,"SASL"
2705,"CIA"
2706,"SLRL"
2707,"QEAL"
2708,"NPLIY"
2709,"ELEQ"
2710,"RALL"
2711,"PAPG"
2712,"EKLL"
2713,"PLPG"
2714,"PEY"
2715,"CKQ"
2716,"QLLL"
2717,"EEKK"
2718,"FLM"
2719,"NDNA"
2720,"WDV"
2721,"KRH"
2722,"PLPL"
2723,"PEM"
2724,"WSG"
2725,"ELRR"
2726,"PTSP"
2727,"TSW"
2728,"GGH"
2729,"EREK"
2730,"WSV"
2731,"SGLG"
2732,"MSN"
2733,"CSE"
2734,"TSSL"
2735,"RRM"
2736,"YLY"
2737,"QWL"
2738,"NCV"
2739,"SSAV"
2740,"ELEL"
2741,"AASP"
2742,"LLSQ"
2743,"QFA"
2744,"QSC"
2745,"SEEG"
2746,"VLSS"
2747,"ETM"
2748,"NDD"
2749,"IYI"
2750,"SIM"
2751,"WPG"
2752,"SLAV"
2753,"WPL"
2754,"PRSP"
2755,"WDG"
2756,"YPD"
2757,"EAEK"
2758,"FTH"
2759,"NKY"
2760,"TGH"
2761,"LLRR"
2762,"SLAG"
2763,"KEEL"
2764,"WAR"
2765,"PSAA"
2766,"EKLR"
2767,"SAAL"
2768,"HTT"
2769,"SGPG"
2770,"EAAL"
2771,"PPPV"
2772,"FEH"
2773,"QGH"
2774,"WKV"
2775,"GLPA"
2776,"SASG"
2777,"LLQD"
2778,"QKM"
2779,"ELKK"
2780,"LLQA"
2781,"CEQ"
2782,"NMA"
2783,"SFH"
2784,"SAST"
2785,"QRH"
2786,"RLRR"
2787,"SLPV"
2788,"SILA"
2789,"SAC"
2790,"PAH"
2791,"STH"
2792,"SVW"
2793,"DLEE"
2794,"SLKL"
2795,"SNM"
2796,"YQQ"
2797,"ECD"
2798,"SSPP"
2799,"NTN"
2800,"LLFL"
2801,"AAGA"
2802,"YTI"
2803,"KSSL"
2804,"FSW"
2805,"SLVL"
2806,"SDM"
2807,"NPH"
2808,"FCR"
2809,"ESQL"
2810,"RLQA"
2811,"EWG"
2812,"SSEG"
2813,"SFC"
2814,"SGAG"
2815,"SVLR"
2816,"FCA"
2817,"LLPG"
2818,"LLVA"
2819,"SLEQ"
2820,"SEDL"
2821,"TLEE"
2822,"LLGA"
2823,"NHV"
2824,"ALKK"
2825,"RAM"
2826,"AGM"
2827,"GGC"
2828,"NFT"
2829,"ESEA"
2830,"EVC"
2831,"TLSL"
2832,"VLGL"
2833,"PVH"
2834,"ESEK"
2835,"AAGG"
2836,"SLSG"
2837,"QKF"
2838,"PSPA"
2839,"CTG"
2840,"CKT"
2841,"SLSV"
2842,"SALG"
2843,"TVTV"
2844,"FCV"
2845,"ALRL"
2846,"PEPP"
2847,"LLSK"
2848,"DYI"
2849,"SPPA"
2850,"WRV"
2851,"PDY"
2852,"TIY"
2853,"QVY"
2854,"PPGPPG"
2855,"STSA"
2856,"NLM"
2857,"SRRR"
2858,"HAR"
2859,"CIR"
2860,"SVEE"
2861,"ERLR"
2862,"SSTG"
2863,"AVAA"
2864,"SRLL"
2865,"LLGV"
2866,"WST"
2867,"GRI"
2868,"KKEE"
2869,"CYL"
2870,"NTP"
2871,"PSEE"
2872,"KCA"
2873,"LLLI"
2874,"SSGA"
2875,"AAVL"
2876,"YEN"
2877,"CKG"
2878,"KRKL"
2879,"PWV"
2880,"THTGEK"
2881,"PSSA"
2882,"ESAL"
2883,"ELED"
2884,"EDDD"
2885,"VLSG"
2886,"LLAG"
2887,"PAGG"
2888,"SQEE"
2889,"ELQA"
2890,"ELLR"
2891,"GGM"
2892,"SSSN"
2893,"ALTL"
2894,"ESSG"
2895,"SEVL"
2896,"FHI"
2897,"YER"
2898,"SVLG"
2899,"SVST"
2900,"SPSQ"
2901,"ALVL"
2902,"PPAA"
2903,"LLSR"
2904,"QQH"
2905,"EAH"
2906,"PPPT"
2907,"PASA"
2908,"ALSP"
2909,"KGH"
2910,"KRKK"
2911,"SVSG"
2912,"WKD"
2913,"EIM"
2914,"SLDL"
2915,"CEN"
2916,"ELQL"
2917,"FPK"
2918,"NIY"
2919,"TLPL"
2920,"PEPT"
2921,"SIC"
2922,"YIR"
2923,"NKC"
2924,"PCD"
2925,"CIV"
2926,"HKT"
2927,"ALAV"
2928,"SPGL"
2929,"PGSG"
2930,"ALSR"
2931,"HHHH"
2932,"CSY"
2933,"VLEL"
2934,"DVH"
2935,"ALQA"
2936,"ALAG"
2937,"PSGL"
2938,"ILGL"
2939,"STSG"
2940,"YKA"
2941,"QGQ"
2942,"QEC"
2943,"KLEK"
2944,"SKEE"
2945,"LLRG"
2946,"TSAL"
2947,"CRI"
2948,"VLVG"
2949,"HII"
2950,"PHD"
2951,"PCI"
2952,"EVEE"
2953,"IHTGEKPYKC"
2954,"QAM"
2955,"QQM"
2956,"QPE"
2957,"AVVA"
2958,"SLKK"
2959,"CTD"
2960,"NCG"
2961,"FCD"
2962,"LLRA"
2963,"YKV"
2964,"GLPP"
2965,"SAEE"
2966,"QQY"
2967,"WTA"
2968,"WPR"
2969,"FNQ"
2970,"CKE"
2971,"FEM"
2972,"SCKA"
2973,"MSI"
2974,"MSF"
2975,"RRGR"
2976,"SPPV"
2977,"MRV"
2978,"CET"
2979,"CKN"
2980,"PYD"
2981,"SPVL"
2982,"EIY"
2983,"DLDL"
2984,"QEQL"
2985,"QMV"
2986,"SDH"
2987,"SNY"
2988,"QYV"
2989,"MTG"
2990,"PTY"
2991,"WKN"
2992,"SPGG"
2993,"DVML"
2994,"EQEE"
2995,"AASG"
2996,"QHG"
2997,"EQEL"
2998,"QQQL"
2999,"KRY"
3000,"FVH"
3001,"PAPT"
3002,"QEEL"
3003,"ALPL"
3004,"SRLR"
3005,"FEP"
3006,"QHR"
3007,"CTI"
3008,"ALEL"
3009,"KATL"
3010,"YWGQG"
3011,"EQM"
3012,"YNG"
3013,"SISS"
3014,"IVH"
3015,"LLKK"
3016,"CKR"
3017,"EEVL"
3018,"ALEA"
3019,"GLPL"
3020,"YSC"
3021,"WGR"
3022,"SPSG"
3023,"KLKK"
3024,"CGKAFA"
3025,"QLPP"
3026,"LLVV"
3027,"TLSS"
3028,"EVH"
3029,"LLLLL"
3030,"LLNL"
3031,"ALGG"
3032,"PGAA"
3033,"PGSR"
3034,"SFLG"
3035,"NMD"
3036,"VLVV"
3037,"CGKG"
3038,"NEY"
3039,"SASQ"
3040,"DIY"
3041,"LLVG"
3042,"SDED"
3043,"SEED"
3044,"SVSV"
3045,"MAYDRYVAIC"
3046,"SEIL"
3047,"EGM"
3048,"SPEL"
3049,"CPE"
3050,"ERH"
3051,"CPQ"
3052,"SVKL"
3053,"GLVG"
3054,"EKKL"
3055,"WIR"
3056,"EALA"
3057,"PWA"
3058,"ESPL"
3059,"VLVA"
3060,"STVL"
3061,"MKN"
3062,"EEEQ"
3063,"TLED"
3064,"TALL"
3065,"LLIL"
3066,"TVEE"
3067,"QTH"
3068,"SELR"
3069,"MRI"
3070,"EDH"
3071,"SSSF"
3072,"WFQ"
3073,"CPI"
3074,"TLSG"
3075,"EKEA"
3076,"YIA"
3077,"GLVL"
3078,"WVV"
3079,"NTY"
3080,"WNI"
3081,"SPSR"
3082,"CCR"
3083,"PGLG"
3084,"KSLL"
3085,"PEEL"
3086,"WGA"
3087,"TGM"
3088,"KERL"
3089,"MKQ"
3090,"RLST"
3091,"SLSD"
3092,"KPH"
3093,"TSVL"
3094,"PAAA"
3095,"WRA"
3096,"WGV"
3097,"EALR"
3098,"EEDL"
3099,"HFF"
3100,"QRLL"
3101,"SGLA"
3102,"SAEG"
3103,"SPPL"
3104,"ELLA"
3105,"SAVL"
3106,"WKQ"
3107,"ETH"
3108,"PVPV"
3109,"WKI"
3110,"DVM"
3111,"RRRL"
3112,"SLSI"
3113,"SLIL"
3114,"GLSG"
3115,"KPLL"
3116,"NMV"
3117,"KTM"
3118,"AAST"
3119,"IGY"
3120,"PSPG"
3121,"YDI"
3122,"WTT"
3123,"TWA"
3124,"LLKD"
3125,"SPGA"
3126,"ELLG"
3127,"CKI"
3128,"SLTL"
3129,"KEIL"
3130,"WYL"
3131,"FSSL"
3132,"ALVA"
3133,"WNV"
3134,"SLEA"
3135,"SATL"
3136,"PEPE"
3137,"CNI"
3138,"AGAG"
3139,"SDDD"
3140,"KVH"
3141,"WTR"
3142,"LLTV"
3143,"GLEL"
3144,"CCG"
3145,"QLQL"
3146,"SSHL"
3147,"YTT"
3148,"EKQ"
3149,"SASR"
3150,"SLER"
3151,"VLT"
3152,"SGKT"
3153,"TAEE"
3154,"EDSD"
3155,"DLER"
3156,"YAG"
3157,"GLAV"
3158,"PALL"
3159,"WTD"
3160,"PLPA"
3161,"SESD"
3162,"CFA"
3163,"CFG"
3164,"PPPR"
3165,"NPK"
3166,"GLTG"
3167,"FIH"
3168,"TVTL"
3169,"CQD"
3170,"QLSP"
3171,"ESRL"
3172,"RRSR"
3173,"SVLA"
3174,"FPH"
3175,"CNV"
3176,"QHI"
3177,"NYD"
3178,"GGGA"
3179,"VLPL"
3180,"NYA"
3181,"IKK"
3182,"EKIL"
3183,"STSL"
3184,"GLSS"
3185,"EGEE"
3186,"KALL"
3187,"VLEE"
3188,"KSKK"
3189,"SEDG"
3190,"SLVG"
3191,"PASL"
3192,"SPLG"
3193,"AAVV"
3194,"TMR"
3195,"EEKA"
3196,"SPTG"
3197,"STLG"
3198,"QFD"
3199,"CTQ"
3200,"CMA"
3201,"NFF"
3202,"KEVL"
3203,"SPSV"
3204,"RGM"
3205,"NPM"
3206,"PIY"
3207,"QLSL"
3208,"QMG"
3209,"QPY"
3210,"TKC"
3211,"WDD"
3212,"MTI"
3213,"DLKK"
3214,"EKLA"
3215,"PAGA"
3216,"HHR"
3217,"PRPR"
3218,"WEN"
3219,"SAGG"
3220,"HEI"
3221,"TLRL"
3222,"CTR"
3223,"PFY"
3224,"EEQL"
3225,"HML"
3226,"KNY"
3227,"QYG"
3228,"LLST"
3229,"DLSD"
3230,"NND"
3231,"SISK"
3232,"SSLD"
3233,"ESGL"
3234,"CNG"
3235,"PGAG"
3236,"SPAV"
3237,"ECI"
3238,"KRKR"
3239,"YNA"
3240,"QRRL"
3241,"SSTV"
3242,"VRI"
3243,"FKH"
3244,"WVD"
3245,"PPPPPPPP"
3246,"PLST"
3247,"SEGL"
3248,"WDR"
3249,"SILG"
3250,"HPN"
3251,"MNT"
3252,"PPSA"
3253,"PELL"
3254,"HDG"
3255,"TLSV"
3256,"PAPV"
3257,"ALDL"
3258,"SLQL"
3259,"KFY"
3260,"LLDG"
3261,"IVY"
3262,"SLFL"
3263,"DLEK"
3264,"EERR"
3265,"RLQL"
3266,"SLSQ"
3267,"LLSI"
3268,"EQER"
3269,"CHR"
3270,"SNH"
3271,"PPGG"
3272,"ESLG"
3273,"SHH"
3274,"CTT"
3275,"NHG"
3276,"WNG"
3277,"EEDD"
3278,"IYD"
3279,"SSRG"
3280,"LLAR"
3281,"VLGA"
3282,"SVPG"
3283,"LLQG"
3284,"VLKL"
3285,"PSVL"
3286,"EHD"
3287,"NWL"
3288,"SPDG"
3289,"PVM"
3290,"SGSA"
3291,"QCG"
3292,"TLEL"
3293,"SSRR"
3294,"SLEG"
3295,"SAAV"
3296,"PASV"
3297,"HEN"
3298,"YSY"
3299,"EQLR"
3300,"EDAG"
3301,"CFR"
3302,"PEVL"
3303,"EKAL"
3304,"NEM"
3305,"WDI"
3306,"QRY"
3307,"NFY"
3308,"YVY"
3309,"SESP"
3310,"EEIL"
3311,"SALR"
3312,"NTK"
3313,"KLAL"
3314,"QSM"
3315,"SSSH"
3316,"TVVG"
3317,"PRH"
3318,"YDA"
3319,"TEEL"
3320,"SSP"
3321,"RLSR"
3322,"SSQL"
3323,"NHR"
3324,"WVA"
3325,"RLF"
3326,"SSGV"
3327,"PAAL"
3328,"TLGL"
3329,"RLRA"
3330,"KGKK"
3331,"KVM"
3332,"AVLL"
3333,"SVLV"
3334,"DLEA"
3335,"TWR"
3336,"EPPL"
3337,"WPA"
3338,"PEGL"
3339,"SLQA"
3340,"NPC"
3341,"QTN"
3342,"MTR"
3343,"PRAA"
3344,"KLKL"
3345,"PPPQ"
3346,"KAH"
3347,"WDA"
3348,"VLSV"
3349,"QPC"
3350,"NSLL"
3351,"KTH"
3352,"SSGR"
3353,"WQQ"
3354,"MDD"
3355,"RLRL"
3356,"PVPA"
3357,"CDD"
3358,"TWV"
3359,"ERRR"
3360,"LLRV"
3361,"SRRG"
3362,"WPF"
3363,"QYI"
3364,"QLAL"
3365,"SVVV"
3366,"YQG"
3367,"EEAV"
3368,"YQV"
3369,"IVM"
3370,"SKEK"
3371,"PRPG"
3372,"QFR"
3373,"AAVA"
3374,"FWR"
3375,"SFSG"
3376,"GLGA"
3377,"WQR"
3378,"SAVA"
3379,"FKY"
3380,"WPP"
3381,"ESFL"
3382,"KKEL"
3383,"SLEN"
3384,"SSTT"
3385,"IHI"
3386,"RAAL"
3387,"SVTV"
3388,"ICI"
3389,"PQPQ"
3390,"PLDL"
3391,"KDH"
3392,"SASD"
3393,"THD"
3394,"SLEL"
3395,"CII"
3396,"ESDL"
3397,"NECG"
3398,"RLER"
3399,"VLTG"
3400,"KIM"
3401,"EAGA"
3402,"SLT"
3403,"SPLA"
3404,"HLM"
3405,"SEEA"
3406,"CNA"
3407,"CIQ"
3408,"SSPT"
3409,"PEAL"
3410,"STLL"
3411,"PLPV"
3412,"FLGL"
3413,"KLF"
3414,"SAF"
3415,"PVVV"
3416,"SLSK"
3417,"QFQ"
3418,"QFY"
3419,"KPEN"
3420,"LLQV"
3421,"SSRL"
3422,"QLPL"
3423,"EALG"
3424,"CPF"
3425,"KWV"
3426,"YNI"
3427,"CRH"
3428,"LLEN"
3429,"SSVV"
3430,"SLAR"
3431,"KENL"
3432,"SLKD"
3433,"TLT"
3434,"EAVA"
3435,"ILAV"
3436,"EELV"
3437,"STSP"
3438,"EEAR"
3439,"CSM"
3440,"PVPL"
3441,"LLGG"
3442,"LLTA"
3443,"RLAR"
3444,"SQPG"
3445,"SCSD"
3446,"RRRG"
3447,"ESIL"
3448,"WSI"
3449,"TASP"
3450,"IKL"
3451,"ISI"
3452,"GLQG"
3453,"KEQL"
3454,"YEI"
3455,"SGLR"
3456,"SLEK"
3457,"SGPL"
3458,"AVGA"
3459,"CIG"
3460,"PRM"
3461,"GLSV"
3462,"EVEL"
3463,"PASG"
3464,"TVLL"
3465,"ALAD"
3466,"PPAG"
3467,"KLKG"
3468,"SQLL"
3469,"MEY"
3470,"SGTL"
3471,"RRLL"
3472,"MNI"
3473,"YPV"
3474,"AAAR"
3475,"SEPL"
3476,"ALGA"
3477,"SRGR"
3478,"TVT"
3479,"NEH"
3480,"YKR"
3481,"ALEQ"
3482,"AAF"
3483,"SECD"
3484,"NKH"
3485,"WET"
3486,"QTY"
3487,"WAQ"
3488,"PPLL"
3489,"ALT"
3490,"RLAL"
3491,"TFY"
3492,"TGTL"
3493,"ILVA"
3494,"NLSL"
3495,"KETL"
3496,"HDV"
3497,"EQEG"
3498,"SGGA"
3499,"CHV"
3500,"TASS"
3501,"GGSP"
3502,"NGH"
3503,"CPH"
3504,"PTPA"
3505,"TMI"
3506,"GGSL"
3507,"EVF"
3508,"DLAG"
3509,"SPED"
3510,"SDLG"
3511,"SPT"
3512,"ILVG"
3513,"EWD"
3514,"TAH"
3515,"VLRL"
3516,"STSR"
3517,"EWI"
3518,"AASS"
3519,"PAPL"
3520,"SAPL"
3521,"HSM"
3522,"PLSS"
3523,"EVQ"
3524,"SRRL"
3525,"KLKD"
3526,"NMG"
3527,"YFG"
3528,"RLGL"
3529,"SVSD"
3530,"TASA"
3531,"MIA"
3532,"SFM"
3533,"QLEK"
3534,"SREE"
3535,"VLFL"
3536,"WQG"
3537,"SALV"
3538,"FLIL"
3539,"ELAR"
3540,"HKY"
3541,"NLTL"
3542,"SKSP"
3543,"TVSV"
3544,"TLPP"
3545,"STPV"
3546,"SVVL"
3547,"EASG"
3548,"STLR"
3549,"KQM"
3550,"DGM"
3551,"SLGA"
3552,"RAY"
3553,"PQY"
3554,"SLPQ"
3555,"WIQ"
3556,"LLER"
3557,"STVV"
3558,"WML"
3559,"ESAA"
3560,"QCR"
3561,"EAKA"
3562,"WFG"
3563,"ESER"
3564,"EELD"
3565,"SGEG"
3566,"EPH"
3567,"LLED"
3568,"GLAA"
3569,"SESG"
3570,"VLSP"
3571,"EEVA"
3572,"TWG"
3573,"TIH"
3574,"PFCG"
3575,"QLF"
3576,"DLEL"
3577,"KKLL"
3578,"KPM"
3579,"TPML"
3580,"ESKL"
3581,"VLEG"
3582,"SVAA"
3583,"TLRR"
3584,"SEAL"
3585,"EQEK"
3586,"DLSS"
3587,"CEH"
3588,"HIV"
3589,"EVTL"
3590,"EEET"
3591,"WNR"
3592,"SNSS"
3593,"PTM"
3594,"NSSL"
3595,"SGLV"
3596,"EALV"
3597,"SLVA"
3598,"EEVV"
3599,"ALGV"
3600,"HFR"
3601,"EDFL"
3602,"LLQR"
3603,"STPL"
3604,"SAFL"
3605,"SRGL"
3606,"QMD"
3607,"QTK"
3608,"QLED"
3609,"IHTGEK"
3610,"KWA"
3611,"NHI"
3612,"SFLL"
3613,"FWL"
3614,"VLTL"
3615,"SQPP"
3616,"RLSA"
3617,"HNI"
3618,"ALVR"
3619,"LLSD"
3620,"AGPG"
3621,"PRPL"
3622,"GLIL"
3623,"EETL"
3624,"SLPT"
3625,"ELF"
3626,"LLPA"
3627,"ALQL"
3628,"LLEG"
3629,"QKEL"
3630,"WEI"
3631,"SRSQ"
3632,"KTKK"
3633,"LLEV"
3634,"DLSK"
3635,"WVI"
3636,"SRLG"
3637,"WQV"
3638,"SLPR"
3639,"PAY"
3640,"PTPT"
3641,"NGY"
3642,"HIQ"
3643,"KEDL"
3644,"AASV"
3645,"EKC"
3646,"SETL"
3647,"QLEL"
3648,"VLEA"
3649,"PPST"
3650,"TVSA"
3651,"ALPG"
3652,"HQH"
3653,"QHA"
3654,"AASL"
3655,"SLET"
3656,"SSFL"
3657,"EPM"
3658,"STC"
3659,"PAST"
3660,"WIG"
3661,"ELSS"
3662,"PVSS"
3663,"VLEK"
3664,"PVTV"
3665,"EEKR"
3666,"QKC"
3667,"EGLG"
3668,"SGEK"
3669,"RLN"
3670,"SKSS"
3671,"KHD"
3672,"PVTL"
3673,"SHSS"
3674,"AVAV"
3675,"MDI"
3676,"TAC"
3677,"QQQQQQ"
3678,"WDT"
3679,"ILNL"
3680,"VLVL"
3681,"SLVV"
3682,"SKEL"
3683,"EERL"
3684,"QLRR"
3685,"MQV"
3686,"QLEA"
3687,"AASA"
3688,"ALCL"
3689,"SDLR"
3690,"TELL"
3691,"LLPV"
3692,"IPL"
3693,"RLKK"
3694,"ESLR"
3695,"SVSP"
3696,"VLEQ"
3697,"TQEE"
3698,"WFR"
3699,"VLDL"
3700,"YKN"
3701,"VLPP"
3702,"KAKL"
3703,"EKRR"
3704,"STTG"
3705,"PETL"
3706,"RLRG"
3707,"HYG"
3708,"PFKC"
3709,"PSSV"
3710,"TGSG"
3711,"MEM"
3712,"PGSQ"
3713,"QFI"
3714,"LLK"
3715,"EAAV"
3716,"LLKA"
3717,"SGEL"
3718,"TAF"
3719,"SSPD"
3720,"SREL"
3721,"SLQV"
3722,"STEG"
3723,"WKP"
3724,"YCL"
3725,"EAF"
3726,"GLRG"
3727,"YQA"
3728,"QLER"
3729,"SEST"
3730,"WIA"
3731,"RLDL"
3732,"SEAG"
3733,"SKSK"
3734,"QPK"
3735,"VLEN"
3736,"SNST"
3737,"DRER"
3738,"CML"
3739,"HSY"
3740,"KLRR"
3741,"ELLV"
3742,"SLTV"
3743,"TATL"
3744,"VLSA"
3745,"EDC"
3746,"DLN"
3747,"KVW"
3748,"QYA"
3749,"SVAL"
3750,"IPG"
3751,"KAEE"
3752,"ILKK"
3753,"IPGL"
3754,"HFV"
3755,"RLPP"
3756,"ALRG"
3757,"KAKK"
3758,"QFF"
3759,"ELDL"
3760,"TLAG"
3761,"SSEK"
3762,"AAAT"
3763,"PESP"
3764,"ALER"
3765,"PASQ"
3766,"RLPL"
3767,"PVPG"
3768,"ELQR"
3769,"YDD"
3770,"SFLR"
3771,"SELV"
3772,"NSW"
3773,"KQH"
3774,"WRD"
3775,"VLQG"
3776,"CDA"
3777,"EPEE"
3778,"ILEN"
3779,"LLET"
3780,"MPQ"
3781,"KSEE"
3782,"EDSG"
3783,"CID"
3784,"ALRA"
3785,"ILEK"
3786,"SVT"
3787,"PLPR"
3788,"EDEG"
3789,"ELSR"
3790,"RLSP"
3791,"TVSG"
3792,"SQEL"
3793,"ILFL"
3794,"RRKL"
3795,"RLPV"
3796,"ALVV"
3797,"EVTV"
3798,"APSP"
3799,"YIG"
3800,"WHL"
3801,"TPMYFFL"
3802,"DSD"
3803,"SDSA"
3804,"CYV"
3805,"KAAL"
3806,"EAEG"
3807,"LLDR"
3808,"EAGG"
3809,"EVLA"
3810,"VLVT"
3811,"QPSP"
3812,"DGSL"
3813,"AVTG"
3814,"ERLA"
3815,"HNV"
3816,"ILKL"
3817,"MQR"
3818,"WTP"
3819,"SLGI"
3820,"QPM"
3821,"SSVA"
3822,"TAT"
3823,"HHG"
3824,"SQAL"
3825,"SLQR"
3826,"TTM"
3827,"RLEK"
3828,"SEF"
3829,"NGTV"
3830,"EDLR"
3831,"SFLV"
3832,"SELA"
3833,"EKLG"
3834,"EDIL"
3835,"SRAA"
3836,"SESV"
3837,"SKEG"
3838,"VLTV"
3839,"MQG"
3840,"YDV"
3841,"SADL"
3842,"FMD"
3843,"ILSV"
3844,"SGDL"
3845,"VLTA"
3846,"ALSG"
3847,"VLPG"
3848,"CWL"
3849,"AVVG"
3850,"CYR"
3851,"WSY"
3852,"PVSV"
3853,"SLDG"
3854,"VLED"
3855,"SLEV"
3856,"PVSG"
3857,"AAAAA"
3858,"RLQQ"
3859,"WSH"
3860,"VLQA"
3861,"KEAA"
3862,"YTF"
3863,"SRLA"
3864,"WID"
3865,"HQD"
3866,"KLSR"
3867,"MKM"
3868,"SPGV"
3869,"ALAR"
3870,"PEAA"
3871,"LLDA"
3872,"EEEN"
3873,"WRQ"
3874,"MIQ"
3875,"MFG"
3876,"HRH"
3877,"YIQ"
3878,"IEK"
3879,"FEC"
3880,"TLEQ"
3881,"FKM"
3882,"AAAAAAAA"
3883,"EAQA"
3884,"PKML"
3885,"SHLA"
3886,"PGPL"
3887,"RRAA"
3888,"SPAG"
3889,"WQA"
3890,"SCC"
3891,"SRPP"
3892,"WII"
3893,"NFH"
3894,"EEAG"
3895,"TLYL"
3896,"KLQQ"
3897,"HTY"
3898,"GGAA"
3899,"EDDL"
3900,"KGKV"
3901,"APAA"
3902,"SLGR"
3903,"QND"
3904,"YFR"
3905,"PPLG"
3906,"ESEG"
3907,"PLLG"
3908,"ALQR"
3909,"TLDL"
3910,"RLEQ"
3911,"SQC"
3912,"MIG"
3913,"PSPV"
3914,"NTH"
3915,"PPGT"
3916,"TLPV"
3917,"WYR"
3918,"KKKR"
3919,"PGT"
3920,"RLRV"
3921,"NTC"
3922,"PAAG"
3923,"KKKL"
3924,"CPN"
3925,"VLSR"
3926,"PASS"
3927,"HCV"
3928,"SLQQ"
3929,"SVPL"
3930,"EREL"
3931,"GLSR"
3932,"EAAR"
3933,"SSSI"
3934,"MNA"
3935,"SVFY"
3936,"PPSG"
3937,"HID"
3938,"SAT"
3939,"KTLL"
3940,"ILSH"
3941,"PTPG"
3942,"DGKL"
3943,"QLEQ"
3944,"WTN"
3945,"SLRNKDV"
3946,"SKER"
3947,"ALPA"
3948,"KVF"
3949,"DDM"
3950,"PTLL"
3951,"MQQ"
3952,"SSSSL"
3953,"PSKL"
3954,"ALKD"
3955,"ESKK"
3956,"KSVL"
3957,"ALIL"
3958,"MMA"
3959,"AAQL"
3960,"CHG"
3961,"GLKL"
3962,"AVVV"
3963,"WSN"
3964,"SKLV"
3965,"EVEK"
3966,"SSRA"
3967,"SDSP"
3968,"YKI"
3969,"IGL"
3970,"TAEL"
3971,"SPLV"
3972,"HIG"
3973,"PSNL"
3974,"SSPR"
3975,"HTQ"
3976,"ILQQ"
3977,"DLGL"
3978,"WNA"
3979,"SVF"
3980,"ETPL"
3981,"TVAV"
3982,"EKEI"
3983,"EVEA"
3984,"SSRV"
3985,"PVSP"
3986,"ALEG"
3987,"YET"
3988,"VLER"
3989,"SDC"
3990,"TDEE"
3991,"IPML"
3992,"EDLL"
3993,"QDLL"
3994,"STLV"
3995,"SSSSSSSS"
3996,"LLDP"
3997,"SPLL"
3998,"STGL"
3999,"PEIL"
4000,"RLSK"
4001,"TKEE"
4002,"HPE"
4003,"AVAG"
4004,"SSEA"
4005,"QSLL"
4006,"NCI"
4007,"KNM"
4008,"STAA"
4009,"KLEQ"
4010,"SVPA"
4011,"ALHL"
4012,"PAT"
4013,"ESTL"
4014,"NLLL"
4015,"VLRR"
4016,"QFN"
4017,"ALVG"
4018,"FWG"
4019,"PRGR"
4020,"WPQ"
4021,"VLAG"
4022,"HFG"
4023,"SILR"
4024,"KDFL"
4025,"EVLR"
4026,"PADI"
4027,"ETSA"
4028,"FSLL"
4029,"TLEK"
4030,"KLLA"
4031,"ELVK"
4032,"NPSL"
4033,"SFSS"
4034,"SRSA"
4035,"KKRR"
4036,"TLTL"
4037,"PYKC"
4038,"TGF"
4039,"DGTV"
4040,"TQY"
4041,"STSV"
4042,"SKKL"
4043,"PPM"
4044,"CSW"
4045,"STT"
4046,"TLSQ"
4047,"NGSL"
4048,"SCGG"
4049,"QRQL"
4050,"EKPYKC"
4051,"TITV"
4052,"QFH"
4053,"FPC"
4054,"SSQG"
4055,"EDAV"
4056,"EEGL"
4057,"ELVR"
4058,"NLEE"
4059,"PSRL"
4060,"ALDR"
4061,"SVAG"
4062,"HKQ"
4063,"FMR"
4064,"KEC"
4065,"ETLL"
4066,"PGSA"
4067,"SRAR"
4068,"MTP"
4069,"PMR"
4070,"HRDI"
4071,"ETLR"
4072,"EDGD"
4073,"WIV"
4074,"HKI"
4075,"PVSA"
4076,"ALTV"
4077,"SLGV"
4078,"SKPL"
4079,"WGD"
4080,"TLEG"
4081,"PPEE"
4082,"CFI"
4083,"VLKK"
4084,"SEQL"
4085,"FLFL"
4086,"DIL"
4087,"ILSL"
4088,"TQM"
4089,"SPPT"
4090,"SRST"
4091,"YSH"
4092,"MEH"
4093,"WFV"
4094,"CFD"
4095,"ALPR"
4096,"STAG"
4097,"RGSR"
4098,"ELGL"
4099,"EDSS"
4100,"ILDL"
4101,"HYR"
4102,"PVTG"
4103,"SQLR"
4104,"SELG"
4105,"PADL"
4106,"HNR"
4107,"GLKG"
4108,"PLSQ"
4109,"KLKA"
4110,"NLTV"
4111,"FLEQ"
4112,"ALQG"
4113,"YTD"
4114,"TATA"
4115,"SQQL"
4116,"GLPV"
4117,"TASV"
4118,"HTP"
4119,"SKAA"
4120,"AAFL"
4121,"ALSA"
4122,"HPY"
4123,"SSQA"
4124,"VLEV"
4125,"SLQD"
4126,"PEPR"
4127,"SSKK"
4128,"RRKK"
4129,"ITV"
4130,"KRKA"
4131,"RLEA"
4132,"FLEE"
4133,"VLDV"
4134,"AGGL"
4135,"PWR"
4136,"SEPV"
4137,"SPEG"
4138,"SPVG"
4139,"NIM"
4140,"SRPR"
4141,"DED"
4142,"FTPL"
4143,"SENL"
4144,"KVLL"
4145,"NCR"
4146,"TLSD"
4147,"ELVV"
4148,"PSSR"
4149,"KRAA"
4150,"AAGV"
4151,"SPSK"
4152,"TPGL"
4153,"SSSY"
4154,"TLLR"
4155,"SNC"
4156,"TASG"
4157,"AAAQ"
4158,"EELI"
4159,"AAPG"
4160,"SRER"
4161,"ELEG"
4162,"KLSK"
4163,"YPT"
4164,"HSC"
4165,"SGLL"
4166,"PPLA"
4167,"EKLV"
4168,"SQSQ"
4169,"AVSR"
4170,"HFQ"
4171,"KAC"
4172,"EREA"
4173,"EQLA"
4174,"YYI"
4175,"WNQ"
4176,"SSDL"
4177,"CTC"
4178,"PDM"
4179,"ALED"
4180,"PLPT"
4181,"CKY"
4182,"YFA"
4183,"QSW"
4184,"GGVG"
4185,"KDSG"
4186,"GGRG"
4187,"ELTL"
4188,"YEQ"
4189,"VLDI"
4190,"EEQR"
4191,"AAPP"
4192,"ERKK"
4193,"PEPG"
4194,"QKKL"
4195,"STVG"
4196,"HPH"
4197,"WQD"
4198,"CIN"
4199,"KAEA"
4200,"LLAQ"
4201,"ILSG"
4202,"GGRV"
4203,"YIY"
4204,"SERR"
4205,"WEP"
4206,"PSDL"
4207,"QAPG"
4208,"WSC"
4209,"SSDD"
4210,"GLVV"
4211,"PLHL"
4212,"SATG"
4213,"KPSP"
4214,"TLTG"
4215,"VLSD"
4216,"SFGG"
4217,"AATG"
4218,"EWIG"
4219,"KPSS"
4220,"WPD"
4221,"TVVL"
4222,"IHD"
4223,"TLFL"
4224,"SPVV"
4225,"RLQG"
4226,"QLSSL"
4227,"ILEE"
4228,"ALGT"
4229,"EGEG"
4230,"SDLL"
4231,"KPKK"
4232,"TDM"
4233,"VLDA"
4234,"TLKK"
4235,"TGAG"
4236,"KRSR"
4237,"GGGR"
4238,"DGLL"
4239,"FCI"
4240,"TAAL"
4241,"DLSN"
4242,"PEKL"
4243,"WALG"
4244,"VLTI"
4245,"GGN"
4246,"EQAL"
4247,"PRSR"
4248,"SKIL"
4249,"SGRL"
4250,"ESEV"
4251,"YML"
4252,"ESSR"
4253,"SERL"
4254,"STPA"
4255,"WCL"
4256,"EGLA"
4257,"WMA"
4258,"EAAG"
4259,"YLVT"
4260,"PPLR"
4261,"SSPQ"
4262,"PTPV"
4263,"SVVA"
4264,"EESR"
4265,"EAFL"
4266,"SRPG"
4267,"ILT"
4268,"KGKG"
4269,"ELSG"
4270,"SAED"
4271,"EIH"
4272,"GLGV"
4273,"KLED"
4274,"SHC"
4275,"NCA"
4276,"KDLL"
4277,"QTC"
4278,"VLGG"
4279,"CVC"
4280,"MHL"
4281,"KWR"
4282,"AVSV"
4283,"KEEA"
4284,"WTQ"
4285,"FIM"
4286,"RARR"
4287,"PLNL"
4288,"ALET"
4289,"TVTG"
4290,"EEEEEE"
4291,"PRAR"
4292,"ISD"
4293,"ALTA"
4294,"TDY"
4295,"SVGL"
4296,"SKN"
4297,"EAEV"
4298,"PVC"
4299,"SGIL"
4300,"TPAA"
4301,"QHD"
4302,"PESL"
4303,"PSTL"
4304,"SSQQ"
4305,"EDLV"
4306,"DKL"
4307,"ALKL"
4308,"ELRV"
4309,"EAED"
4310,"SSTI"
4311,"TRM"
4312,"TLVG"
4313,"SSSTA"
4314,"WEM"
4315,"WFA"
4316,"FPM"
4317,"SGKV"
4318,"FRC"
4319,"DLEG"
4320,"KVTV"
4321,"EVER"
4322,"NLEK"
4323,"SYSI"
4324,"SPAP"
4325,"EQLL"
4326,"LLTT"
4327,"SQQ"
4328,"YGY"
4329,"ILTL"
4330,"ISA"
4331,"ELGR"
4332,"ERLG"
4333,"ILTV"
4334,"WPV"
4335,"SISP"
4336,"LLFV"
4337,"PPSR"
4338,"VLSQ"
4339,"SKEN"
4340,"HPF"
4341,"DVEK"
4342,"SIPL"
4343,"SDT"
4344,"SRKK"
4345,"RRRA"
4346,"SESA"
4347,"FRY"
4348,"EGLR"
4349,"EQAG"
4350,"PGST"
4351,"SRPL"
4352,"HMA"
4353,"TVVV"
4354,"MTQ"
4355,"RLPG"
4356,"MIR"
4357,"SDVG"
4358,"RLQR"
4359,"MRG"
4360,"KKKG"
4361,"EESL"
4362,"ENLL"
4363,"TYY"
4364,"MLM"
4365,"PGSS"
4366,"SKT"
4367,"EDLA"
4368,"YYCAR"
4369,"SLKT"
4370,"ILSI"
4371,"TGTG"
4372,"TLER"
4373,"FLF"
4374,"VLRV"
4375,"WKH"
4376,"KLSP"
4377,"ILEG"
4378,"ETLG"
4379,"GLSA"
4380,"VLGR"
4381,"NLAV"
4382,"SDLD"
4383,"SRLV"
4384,"SEEV"
4385,"KSAL"
4386,"SFST"
4387,"SATV"
4388,"KAQL"
4389,"PPAR"
4390,"QFC"
4391,"KLLG"
4392,"EKKV"
4393,"NFC"
4394,"CNQ"
4395,"ALSQ"
4396,"RRW"
4397,"EAGR"
4398,"PAEE"
4399,"PPGV"
4400,"AGKT"
4401,"SNLV"
4402,"LLTG"
4403,"PVAV"
4404,"GLSD"
4405,"SSDG"
4406,"KISN"
4407,"SHM"
4408,"ELRL"
4409,"EAVV"
4410,"TFGG"
4411,"ELSK"
4412,"PNY"
4413,"GGAG"
4414,"NLC"
4415,"SFSD"
4416,"ELPL"
4417,"SRN"
4418,"PEGG"
4419,"SQLA"
4420,"SENG"
4421,"ALKR"
4422,"SVPV"
4423,"KEFL"
4424,"YQR"
4425,"KVKV"
4426,"DLED"
4427,"KSEL"
4428,"TLAV"
4429,"WKF"
4430,"EISN"
4431,"TATV"
4432,"LLGD"
4433,"ILSD"
4434,"PQSP"
4435,"SSNL"
4436,"STGG"
4437,"DLPA"
4438,"IEE"
4439,"ALKV"
4440,"ELSD"
4441,"TLLG"
4442,"ALFL"
4443,"SLTG"
4444,"ILQA"
4445,"ALSK"
4446,"SRC"
4447,"KAKA"
4448,"IAM"
4449,"PSEV"
4450,"WVKQR"
4451,"SEDA"
4452,"VLRG"
4453,"SHY"
4454,"RRAR"
4455,"SPEK"
4456,"PPTL"
4457,"SAQL"
4458,"HFA"
4459,"ILRA"
4460,"SQGL"
4461,"SVN"
4462,"HCG"
4463,"TASL"
4464,"VLQQ"
4465,"SPLR"
4466,"DLRR"
4467,"SGSD"
4468,"PAPR"
4469,"ETEK"
4470,"GLFL"
4471,"DIM"
4472,"GGSS"
4473,"PLPD"
4474,"QGM"
4475,"KREL"
4476,"WTI"
4477,"STTV"
4478,"AAQA"
4479,"RASG"
4480,"QCA"
4481,"SISV"
4482,"SPQA"
4483,"HYV"
4484,"FVY"
4485,"RLVV"
4486,"TPEL"
4487,"SEER"
4488,"SKAV"
4489,"TLPR"
4490,"QIY"
4491,"VLKV"
4492,"QLSD"
4493,"IDM"
4494,"HTR"
4495,"ILEQ"
4496,"TLKG"
4497,"QVTV"
4498,"EDLD"
4499,"SPGR"
4500,"QEAA"
4501,"GGLL"
4502,"SLRN"
4503,"YFFL"
4504,"PFEC"
4505,"WRK"
4506,"SLPD"
4507,"FGM"
4508,"SVAV"
4509,"ILRR"
4510,"PTEE"
4511,"EQQL"
4512,"PLLA"
4513,"SIIG"
4514,"KLAR"
4515,"TLPA"
4516,"SSET"
4517,"YIF"
4518,"AAPA"
4519,"WND"
4520,"RARA"
4521,"ILKA"
4522,"EAIA"
4523,"NFP"
4524,"PVLL"
4525,"TPSQ"
4526,"SISD"
4527,"HHA"
4528,"KQY"
4529,"EQQR"
4530,"AVF"
4531,"EKAV"
4532,"KGKA"
4533,"DGSD"
4534,"ELEV"
4535,"VLSF"
4536,"AAGL"
4537,"FGN"
4538,"NHD"
4539,"RLEV"
4540,"ILEA"
4541,"TLGA"
4542,"TPEE"
4543,"SLGD"
4544,"SLSH"
4545,"ITM"
4546,"VLQL"
4547,"WMV"
4548,"SREG"
4549,"TVPL"
4550,"PQM"
4551,"KTT"
4552,"ILRV"
4553,"PSKK"
4554,"SAGA"
4555,"PPKK"
4556,"KRRL"
4557,"DLPL"
4558,"SECDKC"
4559,"WMG"
4560,"KNC"
4561,"AAVG"
4562,"EDGG"
4563,"SLAQ"
4564,"SSEL"
4565,"SLSF"
4566,"SAQG"
4567,"QVLL"
4568,"TAPP"
4569,"WRI"
4570,"VLAR"
4571,"WAD"
4572,"YLC"
4573,"SGRG"
4574,"IKEL"
4575,"SESK"
4576,"QARL"
4577,"SLKV"
4578,"STAV"
4579,"AARN"
4580,"EVLG"
4581,"ILRL"
4582,"RRSS"
4583,"SDGR"
4584,"DGSG"
4585,"SPEV"
4586,"SAEA"
4587,"SALD"
4588,"SAAR"
4589,"ESLV"
4590,"WIN"
4591,"PEPV"
4592,"TTST"
4593,"TEDL"
4594,"ELQG"
4595,"TPAL"
4596,"QFP"
4597,"SPFL"
4598,"SVSQ"
4599,"TLAL"
4600,"EIC"
4601,"KPYKC"
4602,"SEFL"
4603,"ESSV"
4604,"SIT"
4605,"VLQV"
4606,"AFST"
4607,"PSLG"
4608,"SRAG"
4609,"QRAL"
4610,"EKRL"
4611,"HDI"
4612,"IPA"
4613,"EVKK"
4614,"ERET"
4615,"TVKK"
4616,"ESLA"
4617,"IHTG"
4618,"PSEA"
4619,"QEKL"
4620,"HTH"
4621,"SGKL"
4622,"SLKG"
4623,"GLVA"
4624,"PRAV"
4625,"EAEQ"
4626,"QREL"
4627,"KLSD"
4628,"SSKA"
4629,"SLDV"
4630,"KLLQ"
4631,"VLST"
4632,"QCD"
4633,"DRM"
4634,"KVTL"
4635,"TAST"
4636,"SEGG"
4637,"TPEG"
4638,"SEVV"
4639,"SKLR"
4640,"SILL"
4641,"FGF"
4642,"WPT"
4643,"HEQ"
4644,"SGAV"
4645,"ESEN"
4646,"EGIL"
4647,"GGSR"
4648,"EEIQ"
4649,"SNFL"
4650,"DLEN"
4651,"SESR"
4652,"SEDD"
4653,"KYY"
4654,"SVPP"
4655,"TAQ"
4656,"QQPP"
4657,"SKQ"
4658,"TVF"
4659,"SVDL"
4660,"EKLD"
4661,"IVGG"
4662,"SYSP"
4663,"ETEE"
4664,"HIY"
4665,"ERAR"
4666,"SQST"
4667,"EKEV"
4668,"FFC"
4669,"PLAG"
4670,"RVLL"
4671,"PGTG"
4672,"PPLV"
4673,"ESSA"
4674,"RLSF"
4675,"AARG"
4676,"EKEG"
4677,"HLC"
4678,"GLSF"
4679,"QAEL"
4680,"RAC"
4681,"KRLL"
4682,"TQKL"
4683,"SDLV"
4684,"GLSQ"
4685,"HHV"
4686,"RAH"
4687,"TEGL"
4688,"SEPG"
4689,"TSTL"
4690,"WLLL"
4691,"VLKG"
4692,"EAEN"
4693,"MPR"
4694,"KLAD"
4695,"SASV"
4696,"SVDG"
4697,"EAVG"
4698,"EPSP"
4699,"EKKA"
4700,"ERLL"
4701,"HHI"
4702,"GLAL"
4703,"KSTL"
4704,"RAEL"
4705,"KKSK"
4706,"HNA"
4707,"ILAA"
4708,"GGGGGG"
4709,"GLRR"
4710,"YKT"
4711,"VLDR"
4712,"SPKL"
4713,"KVC"
4714,"YIN"
4715,"WKE"
4716,"MPT"
4717,"VLGV"
4718,"QPSQ"
4719,"SGYTF"
4720,"TAN"
4721,"EQRR"
4722,"PLQV"
4723,"KRQ"
4724,"YNQ"
4725,"HLQ"
4726,"SGTG"
4727,"MNV"
4728,"SAPV"
4729,"HIN"
4730,"KDC"
4731,"KLLR"
4732,"SSVD"
4733,"AVT"
4734,"SATA"
4735,"ILTT"
4736,"TEAL"
4737,"TGSK"
4738,"SSAR"
4739,"EAVR"
4740,"EEKV"
4741,"TKKL"
4742,"SVSR"
4743,"PGAL"
4744,"KESL"
4745,"SSEV"
4746,"ETFL"
4747,"GLPR"
4748,"YTN"
4749,"PPGR"
4750,"QVM"
4751,"PGPR"
4752,"SYLL"
4753,"DLSL"
4754,"TTTA"
4755,"FLSR"
4756,"SAGV"
4757,"NVTV"
4758,"SRDR"
4759,"PPEV"
4760,"DVAV"
4761,"SLRA"
4762,"QAEA"
4763,"DVLL"
4764,"PKEK"
4765,"FLPL"
4766,"YFT"
4767,"VLKI"
4768,"QAEV"
4769,"SDEL"
4770,"RARG"
4771,"QLN"
4772,"QASG"
4773,"AAQG"
4774,"QQRL"
4775,"ESGG"
4776,"SQN"
4777,"DGRL"
4778,"EKAA"
4779,"SGT"
4780,"EKKR"
4781,"PAF"
4782,"FLSF"
4783,"ILSA"
4784,"SGPP"
4785,"QAF"
4786,"ILAL"
4787,"TPEQ"
4788,"KSSG"
4789,"PPAV"
4790,"WDP"
4791,"RVM"
4792,"SSLI"
4793,"TGC"
4794,"QQPL"
4795,"PGN"
4796,"DVTL"
4797,"QGLL"
4798,"SYDR"
4799,"SHLV"
4800,"ESEQ"
4801,"PSTA"
4802,"IALL"
4803,"YDY"
4804,"ALSI"
4805,"ELT"
4806,"EVLD"
4807,"FRM"
4808,"ILEL"
4809,"QPPG"
4810,"DALL"
4811,"ELLD"
4812,"IVC"
4813,"VLNL"
4814,"SSCC"
4815,"QKLL"
4816,"SGLD"
4817,"PPGD"
4818,"AATL"
4819,"FLTL"
4820,"ETKK"
4821,"SAGL"
4822,"SLAD"
4823,"PTAA"
4824,"WIH"
4825,"PALA"
4826,"RLGA"
4827,"KLSS"
4828,"SETV"
4829,"SASK"
4830,"SGGV"
4831,"TTPL"
4832,"ETEA"
4833,"KQEL"
4834,"STF"
4835,"EDGR"
4836,"CLC"
4837,"QRSL"
4838,"WTY"
4839,"FGFV"
4840,"PLC"
4841,"KDEE"
4842,"YGM"
4843,"RRER"
4844,"YAR"
4845,"PFLL"
4846,"DPL"
4847,"PATL"
4848,"HYA"
4849,"SFRV"
4850,"SQAG"
4851,"PPQ"
4852,"MFA"
4853,"TGKL"
4854,"ITI"
4855,"ELIR"
4856,"DRLL"
4857,"SPPG"
4858,"EDID"
4859,"YPR"
4860,"WTF"
4861,"ESYL"
4862,"YRNL"
4863,"HFT"
4864,"SGNL"
4865,"PLVL"
4866,"EVEV"
4867,"SVPT"
4868,"AGC"
4869,"SCAA"
4870,"LLRD"
4871,"PAGL"
4872,"SFLA"
4873,"SQLV"
4874,"INH"
4875,"KAFL"
4876,"YVM"
4877,"GGST"
4878,"PLEE"
4879,"WFI"
4880,"SVRV"
4881,"AAVD"
4882,"FLSD"
4883,"KARL"
4884,"TLKN"
4885,"NVY"
4886,"PERR"
4887,"NLEL"
4888,"ERLV"
4889,"FLPP"
4890,"HET"
4891,"SSKV"
4892,"MIV"
4893,"SLRD"
4894,"QLQV"
4895,"PMI"
4896,"PPEG"
4897,"SLRT"
4898,"ILGV"
4899,"FLN"
4900,"SKLA"
4901,"VLVD"
4902,"EGLL"
4903,"ILSS"
4904,"ALRD"
4905,"TKDL"
4906,"QMR"
4907,"NMI"
4908,"MCL"
4909,"SVTI"
4910,"GLEE"
4911,"NCD"
4912,"SRAV"
4913,"KTPL"
4914,"SVSI"
4915,"PLLR"
4916,"KKLR"
4917,"KGNL"
4918,"YLQ"
4919,"SDAG"
4920,"EAPG"
4921,"TDED"
4922,"NHA"
4923,"WSE"
4924,"TSAA"
4925,"EGSQ"
4926,"SPGP"
4927,"STSQ"
4928,"PVPR"
4929,"KDKK"
4930,"PLLV"
4931,"EPED"
4932,"KGSL"
4933,"DLRL"
4934,"PSEG"
4935,"FLRR"
4936,"EGQ"
4937,"ENEE"
4938,"ELQQ"
4939,"AATA"
4940,"KASG"
4941,"ESHL"
4942,"SLRG"
4943,"SLQG"
4944,"ALRV"
4945,"SQPQ"
4946,"DGEE"
4947,"TEFI"
4948,"DREE"
4949,"DRC"
4950,"SPSH"
4951,"SEDV"
4952,"ESET"
4953,"DVVV"
4954,"KLKR"
4955,"DLET"
4956,"RKRR"
4957,"EREE"
4958,"EGAV"
4959,"AGAV"
4960,"EAET"
4961,"SDF"
4962,"QLGL"
4963,"KSPL"
4964,"EVLV"
4965,"KPC"
4966,"SEKV"
4967,"DGL"
4968,"FLKK"
4969,"QLNG"
4970,"DLQG"
4971,"SRVL"
4972,"TLTW"
4973,"HGY"
4974,"ALGR"
4975,"DAH"
4976,"TGT"
4977,"SAVG"
4978,"PKPG"
4979,"SGKK"
4980,"SPTT"
4981,"TGVV"
4982,"TLKD"
4983,"KTEE"
4984,"DAM"
4985,"EGED"
4986,"RREL"
4987,"ELKD"
4988,"RLRD"
4989,"QDM"
4990,"SGSV"
4991,"IVKA"
4992,"TGLL"
4993,"YNR"
4994,"NMR"
4995,"VLPT"
4996,"PGF"
4997,"SKEA"
4998,"WSM"
4999,"SLHL"
